source_row,source_kind,work_name,zone_code,zone_name,source_label,activity_name,source_resolution_status,normalization_note,mapping_status,match_level,mapping_note,timing_status,start_day,finish_day,elapsed_span_days,duration_basis,timing_basis,baseline_version,baseline_commit_sha,source_register_commit_sha,matched_activity_count,matched_activity_ids,critical_exposure,critical_exposure_note,network_basis
"3","PHYSICAL_SCOPE","งานโครงสร้าง","A","โซนพิพิธภัณฑ์มรดกโลกห้วยขาแข้ง (zone A)","โซนทางเข้า-ออก หลัก","โซนทางเข้า–ออกหลัก","CLEAN","ปรับเครื่องหมายขีดเพื่อการแสดงผลเท่านั้น","CONFIRMED","AREA_AND_WORK_EXACT","จับคู่โซนย่อยและหมวดงานกับกิจกรรมรายละเอียดใน Baseline","MAPPED_ELAPSED_SPAN","181","304","124","ELAPSED_SPAN_NOT_WORK_EFFORT","DERIVED_FROM_PINNED_BASELINE","v0.8.2","fef660d14ae8ddecda66af3980cee939ac72c84d","1405af254e0ffb590455de45170cbcf25d38790c","6","P01-A21-REL;P01-A21-SUR;P01-A21-CTRL;P01-A21-EW;P01-A21-DRN;P01-A21-BASE","NONE","ไม่พบกิจกรรมรายละเอียดที่อ้างอิงซึ่งมี Total Float = 0","SUMMARY_VIEW_NO_INDEPENDENT_CPM_NETWORK"
"4","PHYSICAL_SCOPE","งานโครงสร้าง","A","โซนพิพิธภัณฑ์มรดกโลกห้วยขาแข้ง (zone A)","โซนอาคารรับรอง อาคารพิพิธภัณฑ์และนิทรรศการ","โซนอาคารรับรอง อาคารพิพิธภัณฑ์และนิทรรศการ","CLEAN","","CONFIRMED","AREA_AND_WORK_EXACT","จับคู่โซนย่อยและหมวดงานกับกิจกรรมรายละเอียดใน Baseline","MAPPED_ELAPSED_SPAN","181","557","377","ELAPSED_SPAN_NOT_WORK_EFFORT","DERIVED_FROM_PINNED_BASELINE","v0.8.2","fef660d14ae8ddecda66af3980cee939ac72c84d","1405af254e0ffb590455de45170cbcf25d38790c","11","P01-A23-REL;P01-A23-SUR;P01-A23-EXC;P01-A23-BLI;P01-A23-RBF;P01-A23-FMF;P01-A23-HOLD;P01-A23-FND;P01-A23-GB;P01-A23-FRM;P01-A23-ROOF","CONTAINS_ZERO_FLOAT_DETAIL","มีอย่างน้อยหนึ่งกิจกรรมรายละเอียดที่อ้างอิงอยู่บนเส้น Total Float = 0; ไม่ได้หมายความว่า Summary bar ทั้งช่วงเป็น Critical Path","SUMMARY_VIEW_NO_INDEPENDENT_CPM_NETWORK"
"5","PHYSICAL_SCOPE","งานโครงสร้าง","A","โซนพิพิธภัณฑ์มรดกโลกห้วยขาแข้ง (zone A)","โซนอาคารร้านอาหารและร้านกาแฟ","โซนอาคารร้านอาหารและร้านกาแฟ","CLEAN","","CONFIRMED","AREA_AND_WORK_EXACT","จับคู่โซนย่อยและหมวดงานกับกิจกรรมรายละเอียดใน Baseline","MAPPED_ELAPSED_SPAN","300","562","263","ELAPSED_SPAN_NOT_WORK_EFFORT","DERIVED_FROM_PINNED_BASELINE","v0.8.2","fef660d14ae8ddecda66af3980cee939ac72c84d","1405af254e0ffb590455de45170cbcf25d38790c","11","P01-A24-REL;P01-A24-SUR;P01-A24-EXC;P01-A24-BLI;P01-A24-RBF;P01-A24-FMF;P01-A24-HOLD;P01-A24-FND;P01-A24-GB;P01-A24-FRM;P01-A24-ROOF","NONE","ไม่พบกิจกรรมรายละเอียดที่อ้างอิงซึ่งมี Total Float = 0","SUMMARY_VIEW_NO_INDEPENDENT_CPM_NETWORK"
"6","PHYSICAL_SCOPE","งานโครงสร้าง","A","โซนพิพิธภัณฑ์มรดกโลกห้วยขาแข้ง (zone A)","โซนอาคารประชุม และอเนกประสงค์","โซนอาคารประชุม และอเนกประสงค์","CLEAN","","CONFIRMED","AREA_AND_WORK_EXACT","จับคู่โซนย่อยและหมวดงานกับกิจกรรมรายละเอียดใน Baseline","MAPPED_ELAPSED_SPAN","330","598","269","ELAPSED_SPAN_NOT_WORK_EFFORT","DERIVED_FROM_PINNED_BASELINE","v0.8.2","fef660d14ae8ddecda66af3980cee939ac72c84d","1405af254e0ffb590455de45170cbcf25d38790c","11","P01-A25-REL;P01-A25-SUR;P01-A25-EXC;P01-A25-BLI;P01-A25-RBF;P01-A25-FMF;P01-A25-HOLD;P01-A25-FND;P01-A25-GB;P01-A25-FRM;P01-A25-ROOF","NONE","ไม่พบกิจกรรมรายละเอียดที่อ้างอิงซึ่งมี Total Float = 0","SUMMARY_VIEW_NO_INDEPENDENT_CPM_NETWORK"
"7","PHYSICAL_SCOPE","งานโครงสร้าง","A","โซนพิพิธภัณฑ์มรดกโลกห้วยขาแข้ง (zone A)","อาคารผลิตน้ำประปา","อาคารผลิตน้ำประปา","CLEAN","","CONFIRMED","AREA_AND_WORK_EXACT","จับคู่โซนย่อยและหมวดงานกับกิจกรรมรายละเอียดใน Baseline","MAPPED_ELAPSED_SPAN","360","605","246","ELAPSED_SPAN_NOT_WORK_EFFORT","DERIVED_FROM_PINNED_BASELINE","v0.8.2","fef660d14ae8ddecda66af3980cee939ac72c84d","1405af254e0ffb590455de45170cbcf25d38790c","11","P01-A26-REL;P01-A26-SUR;P01-A26-EXC;P01-A26-BLI;P01-A26-RBF;P01-A26-FMF;P01-A26-HOLD;P01-A26-FND;P01-A26-GB;P01-A26-FRM;P01-A26-ROOF","NONE","ไม่พบกิจกรรมรายละเอียดที่อ้างอิงซึ่งมี Total Float = 0","SUMMARY_VIEW_NO_INDEPENDENT_CPM_NETWORK"
"8","PHYSICAL_SCOPE","งานโครงสร้าง","A","โซนพิพิธภัณฑ์มรดกโลกห้วยขาแข้ง (zone A)","โซนสนามหญ้าอเนกประสงค์","โซนสนามหญ้าอเนกประสงค์","CLEAN","","CONFIRMED","AREA_AND_WORK_EXACT","จับคู่โซนย่อยและหมวดงานกับกิจกรรมรายละเอียดใน Baseline","MAPPED_ELAPSED_SPAN","520","688","169","ELAPSED_SPAN_NOT_WORK_EFFORT","DERIVED_FROM_PINNED_BASELINE","v0.8.2","fef660d14ae8ddecda66af3980cee939ac72c84d","1405af254e0ffb590455de45170cbcf25d38790c","6","P01-A27-REL;P01-A27-SUR;P01-A27-CTRL;P01-A27-EW;P01-A27-DRN;P01-A27-BASE","NONE","ไม่พบกิจกรรมรายละเอียดที่อ้างอิงซึ่งมี Total Float = 0","SUMMARY_VIEW_NO_INDEPENDENT_CPM_NETWORK"
"10","PHYSICAL_SCOPE","งานโครงสร้าง","B","โซนพักค้างคืน 1 (zone B)","งานห้องน้ำ","งานห้องน้ำ","CLEAN","","CONFIRMED","AREA_AND_WORK_EXACT","จับคู่โซนย่อยและหมวดงานกับกิจกรรมรายละเอียดใน Baseline","MAPPED_ELAPSED_SPAN","500","648","149","ELAPSED_SPAN_NOT_WORK_EFFORT","DERIVED_FROM_PINNED_BASELINE","v0.8.2","fef660d14ae8ddecda66af3980cee939ac72c84d","1405af254e0ffb590455de45170cbcf25d38790c","11","P01-B31-REL;P01-B31-SUR;P01-B31-EXC;P01-B31-BLI;P01-B31-RBF;P01-B31-FMF;P01-B31-HOLD;P01-B31-FND;P01-B31-GB;P01-B31-FRM;P01-B31-ROOF","NONE","ไม่พบกิจกรรมรายละเอียดที่อ้างอิงซึ่งมี Total Float = 0","SUMMARY_VIEW_NO_INDEPENDENT_CPM_NETWORK"
"11","PHYSICAL_SCOPE","งานโครงสร้าง","B","โซนพักค้างคืน 1 (zone B)","โซนอาคารห้องน้ำ","โซนอาคารห้องน้ำ","CLEAN","","CONFIRMED","AREA_AND_WORK_EXACT","จับคู่โซนย่อยและหมวดงานกับกิจกรรมรายละเอียดใน Baseline","MAPPED_ELAPSED_SPAN","500","648","149","ELAPSED_SPAN_NOT_WORK_EFFORT","DERIVED_FROM_PINNED_BASELINE","v0.8.2","fef660d14ae8ddecda66af3980cee939ac72c84d","1405af254e0ffb590455de45170cbcf25d38790c","11","P01-B31-REL;P01-B31-SUR;P01-B31-EXC;P01-B31-BLI;P01-B31-RBF;P01-B31-FMF;P01-B31-HOLD;P01-B31-FND;P01-B31-GB;P01-B31-FRM;P01-B31-ROOF","NONE","ไม่พบกิจกรรมรายละเอียดที่อ้างอิงซึ่งมี Total Float = 0","SUMMARY_VIEW_NO_INDEPENDENT_CPM_NETWORK"
"12","PHYSICAL_SCOPE","งานโครงสร้าง","B","โซนพักค้างคืน 1 (zone B)","งานผังบริเวณและปรับปรุงภูมิทัศน์","งานผังบริเวณและปรับปรุงภูมิทัศน์","CLEAN","","CONFIRMED","AREA_AND_WORK_EXACT","จับคู่โซนย่อยและหมวดงานกับกิจกรรมรายละเอียดใน Baseline","MAPPED_ELAPSED_SPAN","720","821","102","ELAPSED_SPAN_NOT_WORK_EFFORT","DERIVED_FROM_PINNED_BASELINE","v0.8.2","fef660d14ae8ddecda66af3980cee939ac72c84d","1405af254e0ffb590455de45170cbcf25d38790c","6","P01-B34-REL;P01-B34-SUR;P01-B34-CTRL;P01-B34-EW;P01-B34-DRN;P01-B34-BASE","NONE","ไม่พบกิจกรรมรายละเอียดที่อ้างอิงซึ่งมี Total Float = 0","SUMMARY_VIEW_NO_INDEPENDENT_CPM_NETWORK"
"13","PHYSICAL_SCOPE","งานโครงสร้าง","B","โซนพักค้างคืน 1 (zone B)","งานจุดรวมขยะโครงการ","งานจุดรวมขยะโครงการ","CLEAN","","CONFIRMED","AREA_AND_WORK_EXACT","จับคู่โซนย่อยและหมวดงานกับกิจกรรมรายละเอียดใน Baseline","MAPPED_ELAPSED_SPAN","520","640","121","ELAPSED_SPAN_NOT_WORK_EFFORT","DERIVED_FROM_PINNED_BASELINE","v0.8.2","fef660d14ae8ddecda66af3980cee939ac72c84d","1405af254e0ffb590455de45170cbcf25d38790c","11","P01-B32-REL;P01-B32-SUR;P01-B32-EXC;P01-B32-BLI;P01-B32-RBF;P01-B32-FMF;P01-B32-HOLD;P01-B32-FND;P01-B32-GB;P01-B32-FRM;P01-B32-ROOF","NONE","ไม่พบกิจกรรมรายละเอียดที่อ้างอิงซึ่งมี Total Float = 0","SUMMARY_VIEW_NO_INDEPENDENT_CPM_NETWORK"
"14","PHYSICAL_SCOPE","งานโครงสร้าง","B","โซนพักค้างคืน 1 (zone B)","งานครุภัณฑ์จัดจ้างหรือสั่งทำ","งานครุภัณฑ์จัดจ้างหรือสั่งทำ","CLEAN","","CONFIRMED","ZONE_EQUIPMENT_SCOPE_MATCH","รายการ Excel เป็นงานครุภัณฑ์ระดับโซน จึงจับคู่เฉพาะกิจกรรมครุภัณฑ์/อุปกรณ์ในโซน ไม่ใช้ช่วงรวมของหมวดงานอื่น","MAPPED_ELAPSED_SPAN","693","871","179","ELAPSED_SPAN_NOT_WORK_EFFORT","DERIVED_FROM_PINNED_BASELINE","v0.8.2","fef660d14ae8ddecda66af3980cee939ac72c84d","1405af254e0ffb590455de45170cbcf25d38790c","4","P01-B32-FURN;P01-B31-FURN;P01-B33-FURN;P01-B34-FURN","NONE","ไม่พบกิจกรรมรายละเอียดที่อ้างอิงซึ่งมี Total Float = 0","SUMMARY_VIEW_NO_INDEPENDENT_CPM_NETWORK"
"16","PHYSICAL_SCOPE","งานโครงสร้าง","C","โซนพักค้างคืน 2 (zone C)","โซนพื้นที่ต้อนรับ","โซนพื้นที่ต้อนรับ","CLEAN","","CONFIRMED","AREA_AND_WORK_EXACT","จับคู่โซนย่อยและหมวดงานกับกิจกรรมรายละเอียดใน Baseline","MAPPED_ELAPSED_SPAN","520","680","161","ELAPSED_SPAN_NOT_WORK_EFFORT","DERIVED_FROM_PINNED_BASELINE","v0.8.2","fef660d14ae8ddecda66af3980cee939ac72c84d","1405af254e0ffb590455de45170cbcf25d38790c","11","P01-C41-REL;P01-C41-SUR;P01-C41-EXC;P01-C41-BLI;P01-C41-RBF;P01-C41-FMF;P01-C41-HOLD;P01-C41-FND;P01-C41-GB;P01-C41-FRM;P01-C41-ROOF","NONE","ไม่พบกิจกรรมรายละเอียดที่อ้างอิงซึ่งมี Total Float = 0","SUMMARY_VIEW_NO_INDEPENDENT_CPM_NETWORK"
"17","PHYSICAL_SCOPE","งานโครงสร้าง","C","โซนพักค้างคืน 2 (zone C)","โซนพื้นที่บ้านเต็นท์","โซนพื้นที่บ้านเต็นท์","CLEAN","","CONFIRMED","AREA_AND_WORK_EXACT","จับคู่โซนย่อยและหมวดงานกับกิจกรรมรายละเอียดใน Baseline","MAPPED_ELAPSED_SPAN","520","768","249","ELAPSED_SPAN_NOT_WORK_EFFORT","DERIVED_FROM_PINNED_BASELINE","v0.8.2","fef660d14ae8ddecda66af3980cee939ac72c84d","1405af254e0ffb590455de45170cbcf25d38790c","33","P01-C42A-REL;P01-C42A-SUR;P01-C42A-EXC;P01-C42A-BLI;P01-C42A-RBF;P01-C42A-FMF;P01-C42B-REL;P01-C42B-SUR;P01-C42A-HOLD;P01-C42A-FND;P01-C42B-EXC;P01-C42A-GB;P01-C42B-BLI;P01-C42A-FRM;P01-C42B-RBF;P01-C42B-FMF;P01-C42C-REL;P01-C42C-SUR;P01-C42B-HOLD;P01-C42B-FND;P01-C42C-EXC;P01-C42B-GB;P01-C42A-ROOF;P01-C42C-BLI;P01-C42B-FRM;P01-C42C-RBF;P01-C42C-FMF;P01-C42C-HOLD;P01-C42C-FND;P01-C42C-GB;P01-C42B-ROOF;P01-C42C-FRM;P01-C42C-ROOF","NONE","ไม่พบกิจกรรมรายละเอียดที่อ้างอิงซึ่งมี Total Float = 0","SUMMARY_VIEW_NO_INDEPENDENT_CPM_NETWORK"
"19","PHYSICAL_SCOPE","งานโครงสร้าง","D","โซนพื้นที่ศึกษาธรรมชาติ (zone D)","โซนศึกษาธรรมชาติ 3","โซนศึกษาธรรมชาติ 3","CLEAN","","CONFIRMED","AREA_AND_WORK_EXACT","จับคู่โซนย่อยและหมวดงานกับกิจกรรมรายละเอียดใน Baseline","MAPPED_ELAPSED_SPAN","600","802","203","ELAPSED_SPAN_NOT_WORK_EFFORT","DERIVED_FROM_PINNED_BASELINE","v0.8.2","fef660d14ae8ddecda66af3980cee939ac72c84d","1405af254e0ffb590455de45170cbcf25d38790c","6","P01-D53-REL;P01-D53-SUR;P01-D53-CTRL;P01-D53-EW;P01-D53-DRN;P01-D53-BASE","NONE","ไม่พบกิจกรรมรายละเอียดที่อ้างอิงซึ่งมี Total Float = 0","SUMMARY_VIEW_NO_INDEPENDENT_CPM_NETWORK"
"22","PHYSICAL_SCOPE","งานสถาปัตย์","A","โซนพิพิธภัณฑ์มรดกโลกห้วยขาแข้ง (zone A)","โซนทางเข้า-ออก หลัก","โซนทางเข้า–ออกหลัก","CLEAN","","TBC","TIMING_TBC","Baseline ที่ตรึงไว้ไม่มีหมวดงานสถาปัตย์เฉพาะสำหรับโซนทางเข้า–ออกหลัก จึงยกเลิกการใช้ช่วงรวมทั้งโซนและรอทีมยืนยันช่วงเวลา","TBC_TEAM_CONFIRMATION","","","","TBC","NOT_ASSIGNED","v0.8.2","fef660d14ae8ddecda66af3980cee939ac72c84d","1405af254e0ffb590455de45170cbcf25d38790c","0","","NOT_ASSESSED_TBC","ยังไม่ประเมินจนกว่าทีมจะยืนยัน Package และช่วงเวลา","SUMMARY_VIEW_NO_INDEPENDENT_CPM_NETWORK"
"23","PHYSICAL_SCOPE","งานสถาปัตย์","A","โซนพิพิธภัณฑ์มรดกโลกห้วยขาแข้ง (zone A)","โซนอาคารรับรอง อาคารพิพิธภัณฑ์และนิทรรศการ","โซนอาคารรับรอง อาคารพิพิธภัณฑ์และนิทรรศการ","CLEAN","","CONFIRMED","AREA_AND_WORK_EXACT","จับคู่โซนย่อยและหมวดงานกับกิจกรรมรายละเอียดใน Baseline","MAPPED_ELAPSED_SPAN","491","797","307","ELAPSED_SPAN_NOT_WORK_EFFORT","DERIVED_FROM_PINNED_BASELINE","v0.8.2","fef660d14ae8ddecda66af3980cee939ac72c84d","1405af254e0ffb590455de45170cbcf25d38790c","10","P01-A23-EWALL;P01-A23-PART;P01-A23-ENV;P01-A23-WFIN;P01-A23-DRW;P01-A23-FLR;P01-A23-CEIL;P01-A23-PNT;P01-A23-SAN;P01-A23-FURN","NONE","ไม่พบกิจกรรมรายละเอียดที่อ้างอิงซึ่งมี Total Float = 0","SUMMARY_VIEW_NO_INDEPENDENT_CPM_NETWORK"
"24","PHYSICAL_SCOPE","งานสถาปัตย์","A","โซนพิพิธภัณฑ์มรดกโลกห้วยขาแข้ง (zone A)","โซนอาคารร้านอาหารและร้านกาแฟ","โซนอาคารร้านอาหารและร้านกาแฟ","CLEAN","","CONFIRMED","AREA_AND_WORK_EXACT","จับคู่โซนย่อยและหมวดงานกับกิจกรรมรายละเอียดใน Baseline","MAPPED_ELAPSED_SPAN","516","730","215","ELAPSED_SPAN_NOT_WORK_EFFORT","DERIVED_FROM_PINNED_BASELINE","v0.8.2","fef660d14ae8ddecda66af3980cee939ac72c84d","1405af254e0ffb590455de45170cbcf25d38790c","10","P01-A24-EWALL;P01-A24-PART;P01-A24-ENV;P01-A24-WFIN;P01-A24-DRW;P01-A24-FLR;P01-A24-CEIL;P01-A24-PNT;P01-A24-SAN;P01-A24-FURN","NONE","ไม่พบกิจกรรมรายละเอียดที่อ้างอิงซึ่งมี Total Float = 0","SUMMARY_VIEW_NO_INDEPENDENT_CPM_NETWORK"
"25","PHYSICAL_SCOPE","งานสถาปัตย์","A","โซนพิพิธภัณฑ์มรดกโลกห้วยขาแข้ง (zone A)","โซนอาคารประชุม และอเนกประสงค์","โซนอาคารประชุม และอเนกประสงค์","CLEAN","","CONFIRMED","AREA_AND_WORK_EXACT","จับคู่โซนย่อยและหมวดงานกับกิจกรรมรายละเอียดใน Baseline","MAPPED_ELAPSED_SPAN","551","769","219","ELAPSED_SPAN_NOT_WORK_EFFORT","DERIVED_FROM_PINNED_BASELINE","v0.8.2","fef660d14ae8ddecda66af3980cee939ac72c84d","1405af254e0ffb590455de45170cbcf25d38790c","10","P01-A25-EWALL;P01-A25-PART;P01-A25-ENV;P01-A25-WFIN;P01-A25-DRW;P01-A25-FLR;P01-A25-CEIL;P01-A25-PNT;P01-A25-SAN;P01-A25-FURN","NONE","ไม่พบกิจกรรมรายละเอียดที่อ้างอิงซึ่งมี Total Float = 0","SUMMARY_VIEW_NO_INDEPENDENT_CPM_NETWORK"
"26","PHYSICAL_SCOPE","งานสถาปัตย์","A","โซนพิพิธภัณฑ์มรดกโลกห้วยขาแข้ง (zone A)","อาคารผลิตน้ำประปา","อาคารผลิตน้ำประปา","CLEAN","","CONFIRMED","AREA_AND_WORK_EXACT","จับคู่โซนย่อยและหมวดงานกับกิจกรรมรายละเอียดใน Baseline","MAPPED_ELAPSED_SPAN","562","762","201","ELAPSED_SPAN_NOT_WORK_EFFORT","DERIVED_FROM_PINNED_BASELINE","v0.8.2","fef660d14ae8ddecda66af3980cee939ac72c84d","1405af254e0ffb590455de45170cbcf25d38790c","10","P01-A26-EWALL;P01-A26-PART;P01-A26-ENV;P01-A26-WFIN;P01-A26-DRW;P01-A26-FLR;P01-A26-CEIL;P01-A26-PNT;P01-A26-SAN;P01-A26-FURN","NONE","ไม่พบกิจกรรมรายละเอียดที่อ้างอิงซึ่งมี Total Float = 0","SUMMARY_VIEW_NO_INDEPENDENT_CPM_NETWORK"
"28","PHYSICAL_SCOPE","งานสถาปัตย์","B","โซนพักค้างคืน 1 (zone B)","งานห้องน้ำ","งานห้องน้ำ","CLEAN","","CONFIRMED","AREA_AND_WORK_EXACT","จับคู่โซนย่อยและหมวดงานกับกิจกรรมรายละเอียดใน Baseline","MAPPED_ELAPSED_SPAN","622","743","122","ELAPSED_SPAN_NOT_WORK_EFFORT","DERIVED_FROM_PINNED_BASELINE","v0.8.2","fef660d14ae8ddecda66af3980cee939ac72c84d","1405af254e0ffb590455de45170cbcf25d38790c","10","P01-B31-EWALL;P01-B31-PART;P01-B31-ENV;P01-B31-WFIN;P01-B31-DRW;P01-B31-FLR;P01-B31-CEIL;P01-B31-PNT;P01-B31-SAN;P01-B31-FURN","NONE","ไม่พบกิจกรรมรายละเอียดที่อ้างอิงซึ่งมี Total Float = 0","SUMMARY_VIEW_NO_INDEPENDENT_CPM_NETWORK"
"30","PHYSICAL_SCOPE","งานสถาปัตย์","C","โซนพักค้างคืน 2 (zone C)","โซนพื้นที่ต้อนรับ","โซนพื้นที่ต้อนรับ","CLEAN","","CONFIRMED","AREA_AND_WORK_EXACT","จับคู่โซนย่อยและหมวดงานกับกิจกรรมรายละเอียดใน Baseline","MAPPED_ELAPSED_SPAN","652","782","131","ELAPSED_SPAN_NOT_WORK_EFFORT","DERIVED_FROM_PINNED_BASELINE","v0.8.2","fef660d14ae8ddecda66af3980cee939ac72c84d","1405af254e0ffb590455de45170cbcf25d38790c","10","P01-C41-EWALL;P01-C41-PART;P01-C41-ENV;P01-C41-WFIN;P01-C41-DRW;P01-C41-FLR;P01-C41-CEIL;P01-C41-PNT;P01-C41-SAN;P01-C41-FURN","NONE","ไม่พบกิจกรรมรายละเอียดที่อ้างอิงซึ่งมี Total Float = 0","SUMMARY_VIEW_NO_INDEPENDENT_CPM_NETWORK"
"31","PHYSICAL_SCOPE","งานสถาปัตย์","C","โซนพักค้างคืน 2 (zone C)","โซนพื้นที่บ้านเต็นท์","โซนพื้นที่บ้านเต็นท์","CLEAN","","CONFIRMED","AREA_AND_WORK_EXACT","จับคู่โซนย่อยและหมวดงานกับกิจกรรมรายละเอียดใน Baseline","MAPPED_ELAPSED_SPAN","642","863","222","ELAPSED_SPAN_NOT_WORK_EFFORT","DERIVED_FROM_PINNED_BASELINE","v0.8.2","fef660d14ae8ddecda66af3980cee939ac72c84d","1405af254e0ffb590455de45170cbcf25d38790c","30","P01-C42A-EWALL;P01-C42A-PART;P01-C42A-ENV;P01-C42A-WFIN;P01-C42A-DRW;P01-C42B-EWALL;P01-C42B-PART;P01-C42A-FLR;P01-C42A-CEIL;P01-C42B-ENV;P01-C42A-PNT;P01-C42A-SAN;P01-C42A-FURN;P01-C42B-WFIN;P01-C42B-DRW;P01-C42C-EWALL;P01-C42C-PART;P01-C42B-FLR;P01-C42B-CEIL;P01-C42C-ENV;P01-C42B-PNT;P01-C42B-SAN;P01-C42B-FURN;P01-C42C-WFIN;P01-C42C-DRW;P01-C42C-FLR;P01-C42C-CEIL;P01-C42C-PNT;P01-C42C-SAN;P01-C42C-FURN","NONE","ไม่พบกิจกรรมรายละเอียดที่อ้างอิงซึ่งมี Total Float = 0","SUMMARY_VIEW_NO_INDEPENDENT_CPM_NETWORK"
"33","PHYSICAL_SCOPE","งานสถาปัตย์","D","โซนพื้นที่ศึกษาธรรมชาติ (zone D)","โซนศึกษาธรรมชาติ 3","โซนศึกษาธรรมชาติ 3","CLEAN","","TBC","TIMING_TBC","Baseline ที่ตรึงไว้ไม่มีหมวดงานสถาปัตย์เฉพาะสำหรับโซนศึกษาธรรมชาติ 3 จึงยกเลิกการใช้ช่วงรวมทั้งโซนและรอทีมยืนยันช่วงเวลา","TBC_TEAM_CONFIRMATION","","","","TBC","NOT_ASSIGNED","v0.8.2","fef660d14ae8ddecda66af3980cee939ac72c84d","1405af254e0ffb590455de45170cbcf25d38790c","0","","NOT_ASSESSED_TBC","ยังไม่ประเมินจนกว่าทีมจะยืนยัน Package และช่วงเวลา","SUMMARY_VIEW_NO_INDEPENDENT_CPM_NETWORK"
"36","PHYSICAL_SCOPE","งานระบบไฟฟ้าสื่อสาร","A","โซนพิพิธภัณฑ์มรดกโลกห้วยขาแข้ง (zone A)","โซนทางเข้า-ออก หลัก","โซนทางเข้า–ออกหลัก","CLEAN","","CONFIRMED","AREA_AND_WORK_EXACT","จับคู่โซนย่อยและหมวดงานกับกิจกรรมรายละเอียดใน Baseline","MAPPED_ELAPSED_SPAN","188","347","160","ELAPSED_SPAN_NOT_WORK_EFFORT","DERIVED_FROM_PINNED_BASELINE","v0.8.2","fef660d14ae8ddecda66af3980cee939ac72c84d","1405af254e0ffb590455de45170cbcf25d38790c","2","P01-A21-CTRL;P01-A21-ELE","NONE","ไม่พบกิจกรรมรายละเอียดที่อ้างอิงซึ่งมี Total Float = 0","SUMMARY_VIEW_NO_INDEPENDENT_CPM_NETWORK"
"37","PHYSICAL_SCOPE","งานระบบไฟฟ้าสื่อสาร","A","โซนพิพิธภัณฑ์มรดกโลกห้วยขาแข้ง (zone A)","โซนอาคารรับรอง อาคารพิพิธภัณฑ์และนิทรรศการ","โซนอาคารรับรอง อาคารพิพิธภัณฑ์และนิทรรศการ","CLEAN","","CONFIRMED","AREA_AND_WORK_EXACT","จับคู่โซนย่อยและหมวดงานกับกิจกรรมรายละเอียดใน Baseline","MAPPED_ELAPSED_SPAN","511","814","304","ELAPSED_SPAN_NOT_WORK_EFFORT","DERIVED_FROM_PINNED_BASELINE","v0.8.2","fef660d14ae8ddecda66af3980cee939ac72c84d","1405af254e0ffb590455de45170cbcf25d38790c","5","P01-A23-ELE1;P01-A23-ICT1;P01-A23-ELE2;P01-A23-ICT2;P01-A23-ETST","CONTAINS_ZERO_FLOAT_DETAIL","มีอย่างน้อยหนึ่งกิจกรรมรายละเอียดที่อ้างอิงอยู่บนเส้น Total Float = 0; ไม่ได้หมายความว่า Summary bar ทั้งช่วงเป็น Critical Path","SUMMARY_VIEW_NO_INDEPENDENT_CPM_NETWORK"
"38","PHYSICAL_SCOPE","งานระบบไฟฟ้าสื่อสาร","A","โซนพิพิธภัณฑ์มรดกโลกห้วยขาแข้ง (zone A)","โซนอาคารร้านอาหารและร้านกาแฟ","โซนอาคารร้านอาหารและร้านกาแฟ","CLEAN","","CONFIRMED","AREA_AND_WORK_EXACT","จับคู่โซนย่อยและหมวดงานกับกิจกรรมรายละเอียดใน Baseline","MAPPED_ELAPSED_SPAN","530","742","213","ELAPSED_SPAN_NOT_WORK_EFFORT","DERIVED_FROM_PINNED_BASELINE","v0.8.2","fef660d14ae8ddecda66af3980cee939ac72c84d","1405af254e0ffb590455de45170cbcf25d38790c","5","P01-A24-ELE1;P01-A24-ICT1;P01-A24-ELE2;P01-A24-ICT2;P01-A24-ETST","NONE","ไม่พบกิจกรรมรายละเอียดที่อ้างอิงซึ่งมี Total Float = 0","SUMMARY_VIEW_NO_INDEPENDENT_CPM_NETWORK"
"39","PHYSICAL_SCOPE","งานระบบไฟฟ้าสื่อสาร","A","โซนพิพิธภัณฑ์มรดกโลกห้วยขาแข้ง (zone A)","โซนอาคารประชุม และอเนกประสงค์","โซนอาคารประชุม และอเนกประสงค์","CLEAN","","CONFIRMED","AREA_AND_WORK_EXACT","จับคู่โซนย่อยและหมวดงานกับกิจกรรมรายละเอียดใน Baseline","MAPPED_ELAPSED_SPAN","565","781","217","ELAPSED_SPAN_NOT_WORK_EFFORT","DERIVED_FROM_PINNED_BASELINE","v0.8.2","fef660d14ae8ddecda66af3980cee939ac72c84d","1405af254e0ffb590455de45170cbcf25d38790c","5","P01-A25-ELE1;P01-A25-ICT1;P01-A25-ELE2;P01-A25-ICT2;P01-A25-ETST","NONE","ไม่พบกิจกรรมรายละเอียดที่อ้างอิงซึ่งมี Total Float = 0","SUMMARY_VIEW_NO_INDEPENDENT_CPM_NETWORK"
"40","PHYSICAL_SCOPE","งานระบบไฟฟ้าสื่อสาร","A","โซนพิพิธภัณฑ์มรดกโลกห้วยขาแข้ง (zone A)","อาคารผลิตน้ำประปา","อาคารผลิตน้ำประปา","CLEAN","","CONFIRMED","AREA_AND_WORK_EXACT","จับคู่โซนย่อยและหมวดงานกับกิจกรรมรายละเอียดใน Baseline","MAPPED_ELAPSED_SPAN","575","773","199","ELAPSED_SPAN_NOT_WORK_EFFORT","DERIVED_FROM_PINNED_BASELINE","v0.8.2","fef660d14ae8ddecda66af3980cee939ac72c84d","1405af254e0ffb590455de45170cbcf25d38790c","6","P01-A26-ELE1;P01-A26-ICT1;P01-A26-EX02;P01-A26-ELE2;P01-A26-ICT2;P01-A26-CTST","NONE","ไม่พบกิจกรรมรายละเอียดที่อ้างอิงซึ่งมี Total Float = 0","SUMMARY_VIEW_NO_INDEPENDENT_CPM_NETWORK"
"42","PHYSICAL_SCOPE","งานระบบไฟฟ้าสื่อสาร","B","โซนพักค้างคืน 1 (zone B)","งานห้องน้ำ","งานห้องน้ำ","CLEAN","","CONFIRMED","AREA_AND_WORK_EXACT","จับคู่โซนย่อยและหมวดงานกับกิจกรรมรายละเอียดใน Baseline","MAPPED_ELAPSED_SPAN","630","750","121","ELAPSED_SPAN_NOT_WORK_EFFORT","DERIVED_FROM_PINNED_BASELINE","v0.8.2","fef660d14ae8ddecda66af3980cee939ac72c84d","1405af254e0ffb590455de45170cbcf25d38790c","5","P01-B31-ELE1;P01-B31-ICT1;P01-B31-ELE2;P01-B31-ICT2;P01-B31-ETST","NONE","ไม่พบกิจกรรมรายละเอียดที่อ้างอิงซึ่งมี Total Float = 0","SUMMARY_VIEW_NO_INDEPENDENT_CPM_NETWORK"
"44","PHYSICAL_SCOPE","งานระบบไฟฟ้าสื่อสาร","C","โซนพักค้างคืน 2 (zone C)","โซนพื้นที่ต้อนรับ","โซนพื้นที่ต้อนรับ","CLEAN","","CONFIRMED","AREA_AND_WORK_EXACT","จับคู่โซนย่อยและหมวดงานกับกิจกรรมรายละเอียดใน Baseline","MAPPED_ELAPSED_SPAN","660","789","130","ELAPSED_SPAN_NOT_WORK_EFFORT","DERIVED_FROM_PINNED_BASELINE","v0.8.2","fef660d14ae8ddecda66af3980cee939ac72c84d","1405af254e0ffb590455de45170cbcf25d38790c","5","P01-C41-ELE1;P01-C41-ICT1;P01-C41-ELE2;P01-C41-ICT2;P01-C41-ETST","NONE","ไม่พบกิจกรรมรายละเอียดที่อ้างอิงซึ่งมี Total Float = 0","SUMMARY_VIEW_NO_INDEPENDENT_CPM_NETWORK"
"45","PHYSICAL_SCOPE","งานระบบไฟฟ้าสื่อสาร","C","โซนพักค้างคืน 2 (zone C)","โซนพื้นที่บ้านเต็นท์","โซนพื้นที่บ้านเต็นท์","CLEAN","","CONFIRMED","AREA_AND_WORK_EXACT","จับคู่โซนย่อยและหมวดงานกับกิจกรรมรายละเอียดใน Baseline","MAPPED_ELAPSED_SPAN","650","870","221","ELAPSED_SPAN_NOT_WORK_EFFORT","DERIVED_FROM_PINNED_BASELINE","v0.8.2","fef660d14ae8ddecda66af3980cee939ac72c84d","1405af254e0ffb590455de45170cbcf25d38790c","15","P01-C42A-ELE1;P01-C42A-ICT1;P01-C42B-ELE1;P01-C42B-ICT1;P01-C42A-ELE2;P01-C42A-ICT2;P01-C42C-ELE1;P01-C42C-ICT1;P01-C42A-ETST;P01-C42B-ELE2;P01-C42B-ICT2;P01-C42B-ETST;P01-C42C-ELE2;P01-C42C-ICT2;P01-C42C-ETST","NONE","ไม่พบกิจกรรมรายละเอียดที่อ้างอิงซึ่งมี Total Float = 0","SUMMARY_VIEW_NO_INDEPENDENT_CPM_NETWORK"
"47","PHYSICAL_SCOPE","งานระบบไฟฟ้าสื่อสาร","D","โซนพื้นที่ศึกษาธรรมชาติ (zone D)","โซนศึกษาธรรมชาติ 3","โซนศึกษาธรรมชาติ 3","CLEAN","","CONFIRMED","AREA_AND_WORK_EXACT","จับคู่โซนย่อยและหมวดงานกับกิจกรรมรายละเอียดใน Baseline","MAPPED_ELAPSED_SPAN","611","874","264","ELAPSED_SPAN_NOT_WORK_EFFORT","DERIVED_FROM_PINNED_BASELINE","v0.8.2","fef660d14ae8ddecda66af3980cee939ac72c84d","1405af254e0ffb590455de45170cbcf25d38790c","2","P01-D53-CTRL;P01-D53-ELE","NONE","ไม่พบกิจกรรมรายละเอียดที่อ้างอิงซึ่งมี Total Float = 0","SUMMARY_VIEW_NO_INDEPENDENT_CPM_NETWORK"
"50","PHYSICAL_SCOPE","งานระบบสุขาภิบาลและป้องกันอัคคีภัย","A","โซนพิพิธภัณฑ์มรดกโลกห้วยขาแข้ง (zone A)","โซนทางเข้า-ออก หลัก","โซนทางเข้า–ออกหลัก","CLEAN","","CONFIRMED","AREA_AND_WORK_EXACT","จับคู่โซนย่อยและหมวดงานกับกิจกรรมรายละเอียดใน Baseline","MAPPED_ELAPSED_SPAN","229","295","67","ELAPSED_SPAN_NOT_WORK_EFFORT","DERIVED_FROM_PINNED_BASELINE","v0.8.2","fef660d14ae8ddecda66af3980cee939ac72c84d","1405af254e0ffb590455de45170cbcf25d38790c","1","P01-A21-UTIL","NONE","ไม่พบกิจกรรมรายละเอียดที่อ้างอิงซึ่งมี Total Float = 0","SUMMARY_VIEW_NO_INDEPENDENT_CPM_NETWORK"
"51","PHYSICAL_SCOPE","งานระบบสุขาภิบาลและป้องกันอัคคีภัย","A","โซนพิพิธภัณฑ์มรดกโลกห้วยขาแข้ง (zone A)","โซนอาคารรับรอง อาคารพิพิธภัณฑ์และนิทรรศการ","โซนอาคารรับรอง อาคารพิพิธภัณฑ์และนิทรรศการ","CLEAN","","CONFIRMED","AREA_AND_WORK_EXACT","จับคู่โซนย่อยและหมวดงานกับกิจกรรมรายละเอียดใน Baseline","MAPPED_ELAPSED_SPAN","511","814","304","ELAPSED_SPAN_NOT_WORK_EFFORT","DERIVED_FROM_PINNED_BASELINE","v0.8.2","fef660d14ae8ddecda66af3980cee939ac72c84d","1405af254e0ffb590455de45170cbcf25d38790c","3","P01-A23-PLB1;P01-A23-SAN;P01-A23-PTST","CONTAINS_ZERO_FLOAT_DETAIL","มีอย่างน้อยหนึ่งกิจกรรมรายละเอียดที่อ้างอิงอยู่บนเส้น Total Float = 0; ไม่ได้หมายความว่า Summary bar ทั้งช่วงเป็น Critical Path","SUMMARY_VIEW_NO_INDEPENDENT_CPM_NETWORK"
"52","PHYSICAL_SCOPE","งานระบบสุขาภิบาลและป้องกันอัคคีภัย","A","โซนพิพิธภัณฑ์มรดกโลกห้วยขาแข้ง (zone A)","โซนอาคารร้านอาหารและร้านกาแฟ","โซนอาคารร้านอาหารและร้านกาแฟ","CLEAN","","CONFIRMED","AREA_AND_WORK_EXACT","จับคู่โซนย่อยและหมวดงานกับกิจกรรมรายละเอียดใน Baseline","MAPPED_ELAPSED_SPAN","530","742","213","ELAPSED_SPAN_NOT_WORK_EFFORT","DERIVED_FROM_PINNED_BASELINE","v0.8.2","fef660d14ae8ddecda66af3980cee939ac72c84d","1405af254e0ffb590455de45170cbcf25d38790c","3","P01-A24-PLB1;P01-A24-SAN;P01-A24-PTST","NONE","ไม่พบกิจกรรมรายละเอียดที่อ้างอิงซึ่งมี Total Float = 0","SUMMARY_VIEW_NO_INDEPENDENT_CPM_NETWORK"
"53","PHYSICAL_SCOPE","งานระบบสุขาภิบาลและป้องกันอัคคีภัย","A","โซนพิพิธภัณฑ์มรดกโลกห้วยขาแข้ง (zone A)","โซนอาคารประชุม และอเนกประสงค์","โซนอาคารประชุม และอเนกประสงค์","CLEAN","","CONFIRMED","AREA_AND_WORK_EXACT","จับคู่โซนย่อยและหมวดงานกับกิจกรรมรายละเอียดใน Baseline","MAPPED_ELAPSED_SPAN","565","758","194","ELAPSED_SPAN_NOT_WORK_EFFORT","DERIVED_FROM_PINNED_BASELINE","v0.8.2","fef660d14ae8ddecda66af3980cee939ac72c84d","1405af254e0ffb590455de45170cbcf25d38790c","2","P01-A25-PLB1;P01-A25-SAN","NONE","ไม่พบกิจกรรมรายละเอียดที่อ้างอิงซึ่งมี Total Float = 0","SUMMARY_VIEW_NO_INDEPENDENT_CPM_NETWORK"
"54","PHYSICAL_SCOPE","งานระบบสุขาภิบาลและป้องกันอัคคีภัย","A","โซนพิพิธภัณฑ์มรดกโลกห้วยขาแข้ง (zone A)","อาคารผลิตน้ำประปา","อาคารผลิตน้ำประปา","CLEAN","","CONFIRMED","AREA_AND_WORK_EXACT","จับคู่โซนย่อยและหมวดงานกับกิจกรรมรายละเอียดใน Baseline","MAPPED_ELAPSED_SPAN","575","751","177","ELAPSED_SPAN_NOT_WORK_EFFORT","DERIVED_FROM_PINNED_BASELINE","v0.8.2","fef660d14ae8ddecda66af3980cee939ac72c84d","1405af254e0ffb590455de45170cbcf25d38790c","2","P01-A26-PLB1;P01-A26-SAN","NONE","ไม่พบกิจกรรมรายละเอียดที่อ้างอิงซึ่งมี Total Float = 0","SUMMARY_VIEW_NO_INDEPENDENT_CPM_NETWORK"
"56","PHYSICAL_SCOPE","งานระบบสุขาภิบาลและป้องกันอัคคีภัย","B","โซนพักค้างคืน 1 (zone B)","งานห้องน้ำ","งานห้องน้ำ","CLEAN","","CONFIRMED","AREA_AND_WORK_EXACT","จับคู่โซนย่อยและหมวดงานกับกิจกรรมรายละเอียดใน Baseline","MAPPED_ELAPSED_SPAN","630","750","121","ELAPSED_SPAN_NOT_WORK_EFFORT","DERIVED_FROM_PINNED_BASELINE","v0.8.2","fef660d14ae8ddecda66af3980cee939ac72c84d","1405af254e0ffb590455de45170cbcf25d38790c","3","P01-B31-PLB1;P01-B31-SAN;P01-B31-PTST","NONE","ไม่พบกิจกรรมรายละเอียดที่อ้างอิงซึ่งมี Total Float = 0","SUMMARY_VIEW_NO_INDEPENDENT_CPM_NETWORK"
"58","PHYSICAL_SCOPE","งานระบบสุขาภิบาลและป้องกันอัคคีภัย","C","โซนพักค้างคืน 2 (zone C)","โซนพื้นที่ต้อนรับ","โซนพื้นที่ต้อนรับ","CLEAN","","CONFIRMED","AREA_AND_WORK_EXACT","จับคู่โซนย่อยและหมวดงานกับกิจกรรมรายละเอียดใน Baseline","MAPPED_ELAPSED_SPAN","660","789","130","ELAPSED_SPAN_NOT_WORK_EFFORT","DERIVED_FROM_PINNED_BASELINE","v0.8.2","fef660d14ae8ddecda66af3980cee939ac72c84d","1405af254e0ffb590455de45170cbcf25d38790c","3","P01-C41-PLB1;P01-C41-SAN;P01-C41-PTST","NONE","ไม่พบกิจกรรมรายละเอียดที่อ้างอิงซึ่งมี Total Float = 0","SUMMARY_VIEW_NO_INDEPENDENT_CPM_NETWORK"
"59","PHYSICAL_SCOPE","งานระบบสุขาภิบาลและป้องกันอัคคีภัย","C","โซนพักค้างคืน 2 (zone C)","โซนพื้นที่บ้านเต็นท์","โซนพื้นที่บ้านเต็นท์","CLEAN","","CONFIRMED","AREA_AND_WORK_EXACT","จับคู่โซนย่อยและหมวดงานกับกิจกรรมรายละเอียดใน Baseline","MAPPED_ELAPSED_SPAN","650","870","221","ELAPSED_SPAN_NOT_WORK_EFFORT","DERIVED_FROM_PINNED_BASELINE","v0.8.2","fef660d14ae8ddecda66af3980cee939ac72c84d","1405af254e0ffb590455de45170cbcf25d38790c","9","P01-C42A-PLB1;P01-C42B-PLB1;P01-C42A-SAN;P01-C42C-PLB1;P01-C42A-PTST;P01-C42B-SAN;P01-C42B-PTST;P01-C42C-SAN;P01-C42C-PTST","NONE","ไม่พบกิจกรรมรายละเอียดที่อ้างอิงซึ่งมี Total Float = 0","SUMMARY_VIEW_NO_INDEPENDENT_CPM_NETWORK"
"61","PHYSICAL_SCOPE","งานระบบสุขาภิบาลและป้องกันอัคคีภัย","D","โซนพื้นที่ศึกษาธรรมชาติ (zone D)","โซนศึกษาธรรมชาติ 3","โซนศึกษาธรรมชาติ 3","CLEAN","","CONFIRMED","AREA_AND_WORK_EXACT","จับคู่โซนย่อยและหมวดงานกับกิจกรรมรายละเอียดใน Baseline","MAPPED_ELAPSED_SPAN","679","787","109","ELAPSED_SPAN_NOT_WORK_EFFORT","DERIVED_FROM_PINNED_BASELINE","v0.8.2","fef660d14ae8ddecda66af3980cee939ac72c84d","1405af254e0ffb590455de45170cbcf25d38790c","1","P01-D53-UTIL","NONE","ไม่พบกิจกรรมรายละเอียดที่อ้างอิงซึ่งมี Total Float = 0","SUMMARY_VIEW_NO_INDEPENDENT_CPM_NETWORK"
"64","PHYSICAL_SCOPE","งานระบบปรับอากาศและระบายอากาศ","A","โซนพิพิธภัณฑ์มรดกโลกห้วยขาแข้ง (zone A)","โซนทางเข้า-ออก หลัก","โซนทางเข้า–ออกหลัก","CLEAN","","TBC","TIMING_TBC","Baseline ที่ตรึงไว้ไม่มีหมวดงานระบบปรับอากาศและระบายอากาศเฉพาะสำหรับโซนทางเข้า–ออกหลัก จึงไม่สมมติช่วงเวลาแทนทีม","TBC_TEAM_CONFIRMATION","","","","TBC","NOT_ASSIGNED","v0.8.2","fef660d14ae8ddecda66af3980cee939ac72c84d","1405af254e0ffb590455de45170cbcf25d38790c","0","","NOT_ASSESSED_TBC","ยังไม่ประเมินจนกว่าทีมจะยืนยัน Package และช่วงเวลา","SUMMARY_VIEW_NO_INDEPENDENT_CPM_NETWORK"
"65","PHYSICAL_SCOPE","งานระบบปรับอากาศและระบายอากาศ","A","โซนพิพิธภัณฑ์มรดกโลกห้วยขาแข้ง (zone A)","โซนอาคารรับรอง อาคารพิพิธภัณฑ์และนิทรรศการ","โซนอาคารรับรอง อาคารพิพิธภัณฑ์และนิทรรศการ","CLEAN","","CONFIRMED","AREA_AND_WORK_EXACT","จับคู่โซนย่อยและหมวดงานกับกิจกรรมรายละเอียดใน Baseline","MAPPED_ELAPSED_SPAN","520","814","295","ELAPSED_SPAN_NOT_WORK_EFFORT","DERIVED_FROM_PINNED_BASELINE","v0.8.2","fef660d14ae8ddecda66af3980cee939ac72c84d","1405af254e0ffb590455de45170cbcf25d38790c","3","P01-A23-HV1;P01-A23-HV2;P01-A23-HTST","CONTAINS_ZERO_FLOAT_DETAIL","มีอย่างน้อยหนึ่งกิจกรรมรายละเอียดที่อ้างอิงอยู่บนเส้น Total Float = 0; ไม่ได้หมายความว่า Summary bar ทั้งช่วงเป็น Critical Path","SUMMARY_VIEW_NO_INDEPENDENT_CPM_NETWORK"
"66","PHYSICAL_SCOPE","งานระบบปรับอากาศและระบายอากาศ","A","โซนพิพิธภัณฑ์มรดกโลกห้วยขาแข้ง (zone A)","โซนอาคารร้านอาหารและร้านกาแฟ","โซนอาคารร้านอาหารและร้านกาแฟ","CLEAN","","CONFIRMED","AREA_AND_WORK_EXACT","จับคู่โซนย่อยและหมวดงานกับกิจกรรมรายละเอียดใน Baseline","MAPPED_ELAPSED_SPAN","537","742","206","ELAPSED_SPAN_NOT_WORK_EFFORT","DERIVED_FROM_PINNED_BASELINE","v0.8.2","fef660d14ae8ddecda66af3980cee939ac72c84d","1405af254e0ffb590455de45170cbcf25d38790c","3","P01-A24-HV1;P01-A24-HV2;P01-A24-HTST","NONE","ไม่พบกิจกรรมรายละเอียดที่อ้างอิงซึ่งมี Total Float = 0","SUMMARY_VIEW_NO_INDEPENDENT_CPM_NETWORK"
"67","PHYSICAL_SCOPE","งานระบบปรับอากาศและระบายอากาศ","A","โซนพิพิธภัณฑ์มรดกโลกห้วยขาแข้ง (zone A)","โซนอาคารประชุม และอเนกประสงค์","โซนอาคารประชุม และอเนกประสงค์","CLEAN","","CONFIRMED","AREA_AND_WORK_EXACT","จับคู่โซนย่อยและหมวดงานกับกิจกรรมรายละเอียดใน Baseline","MAPPED_ELAPSED_SPAN","572","765","194","ELAPSED_SPAN_NOT_WORK_EFFORT","DERIVED_FROM_PINNED_BASELINE","v0.8.2","fef660d14ae8ddecda66af3980cee939ac72c84d","1405af254e0ffb590455de45170cbcf25d38790c","2","P01-A25-HV1;P01-A25-HV2","NONE","ไม่พบกิจกรรมรายละเอียดที่อ้างอิงซึ่งมี Total Float = 0","SUMMARY_VIEW_NO_INDEPENDENT_CPM_NETWORK"
"68","PHYSICAL_SCOPE","งานระบบปรับอากาศและระบายอากาศ","A","โซนพิพิธภัณฑ์มรดกโลกห้วยขาแข้ง (zone A)","อาคารผลิตน้ำประปา","อาคารผลิตน้ำประปา","CLEAN","","CONFIRMED","AREA_AND_WORK_EXACT","จับคู่โซนย่อยและหมวดงานกับกิจกรรมรายละเอียดใน Baseline","MAPPED_ELAPSED_SPAN","581","758","178","ELAPSED_SPAN_NOT_WORK_EFFORT","DERIVED_FROM_PINNED_BASELINE","v0.8.2","fef660d14ae8ddecda66af3980cee939ac72c84d","1405af254e0ffb590455de45170cbcf25d38790c","2","P01-A26-HV1;P01-A26-HV2","NONE","ไม่พบกิจกรรมรายละเอียดที่อ้างอิงซึ่งมี Total Float = 0","SUMMARY_VIEW_NO_INDEPENDENT_CPM_NETWORK"
"70","PHYSICAL_SCOPE","งานระบบปรับอากาศและระบายอากาศ","C","โซนพักค้างคืน 2 (zone C)","โซนพื้นที่ต้อนรับ","โซนพื้นที่ต้อนรับ","CLEAN","","CONFIRMED","AREA_AND_WORK_EXACT","จับคู่โซนย่อยและหมวดงานกับกิจกรรมรายละเอียดใน Baseline","MAPPED_ELAPSED_SPAN","664","779","116","ELAPSED_SPAN_NOT_WORK_EFFORT","DERIVED_FROM_PINNED_BASELINE","v0.8.2","fef660d14ae8ddecda66af3980cee939ac72c84d","1405af254e0ffb590455de45170cbcf25d38790c","2","P01-C41-HV1;P01-C41-HV2","NONE","ไม่พบกิจกรรมรายละเอียดที่อ้างอิงซึ่งมี Total Float = 0","SUMMARY_VIEW_NO_INDEPENDENT_CPM_NETWORK"
"71","PHYSICAL_SCOPE","งานระบบปรับอากาศและระบายอากาศ","C","โซนพักค้างคืน 2 (zone C)","โซนพื้นที่บ้านเต็นท์","โซนพื้นที่บ้านเต็นท์","CLEAN","","CONFIRMED","AREA_AND_WORK_EXACT","จับคู่โซนย่อยและหมวดงานกับกิจกรรมรายละเอียดใน Baseline","MAPPED_ELAPSED_SPAN","654","861","208","ELAPSED_SPAN_NOT_WORK_EFFORT","DERIVED_FROM_PINNED_BASELINE","v0.8.2","fef660d14ae8ddecda66af3980cee939ac72c84d","1405af254e0ffb590455de45170cbcf25d38790c","6","P01-C42A-HV1;P01-C42B-HV1;P01-C42A-HV2;P01-C42C-HV1;P01-C42B-HV2;P01-C42C-HV2","NONE","ไม่พบกิจกรรมรายละเอียดที่อ้างอิงซึ่งมี Total Float = 0","SUMMARY_VIEW_NO_INDEPENDENT_CPM_NETWORK"
"74","PHYSICAL_SCOPE","งานตกแต่งภายใน","A","โซนพิพิธภัณฑ์มรดกโลกห้วยขาแข้ง (zone A)","โซนทางเข้า-ออก หลัก","โซนทางเข้า–ออกหลัก","CLEAN","","TBC","TIMING_TBC","Baseline ที่ตรึงไว้ไม่มีหมวดงานตกแต่งภายในเฉพาะสำหรับโซนทางเข้า–ออกหลัก จึงไม่ใช้ช่วงรวมทั้งโซน","TBC_TEAM_CONFIRMATION","","","","TBC","NOT_ASSIGNED","v0.8.2","fef660d14ae8ddecda66af3980cee939ac72c84d","1405af254e0ffb590455de45170cbcf25d38790c","0","","NOT_ASSESSED_TBC","ยังไม่ประเมินจนกว่าทีมจะยืนยัน Package และช่วงเวลา","SUMMARY_VIEW_NO_INDEPENDENT_CPM_NETWORK"
"75","PHYSICAL_SCOPE","งานตกแต่งภายใน","A","โซนพิพิธภัณฑ์มรดกโลกห้วยขาแข้ง (zone A)","โซนอาคารรับรอง อาคารพิพิธภัณฑ์และนิทรรศการ","โซนอาคารรับรอง อาคารพิพิธภัณฑ์และนิทรรศการ","CLEAN","","CONFIRMED","AREA_AND_WORK_EXACT","จับคู่โซนย่อยและหมวดงานกับกิจกรรมรายละเอียดใน Baseline","MAPPED_ELAPSED_SPAN","609","800","192","ELAPSED_SPAN_NOT_WORK_EFFORT","DERIVED_FROM_PINNED_BASELINE","v0.8.2","fef660d14ae8ddecda66af3980cee939ac72c84d","1405af254e0ffb590455de45170cbcf25d38790c","8","P01-A23-WFIN;P01-A23-DRW;P01-A23-FLR;P01-A23-CEIL;P01-A23-EX01;P01-A23-PNT;P01-A23-EX02;P01-A23-FURN","NONE","ไม่พบกิจกรรมรายละเอียดที่อ้างอิงซึ่งมี Total Float = 0","SUMMARY_VIEW_NO_INDEPENDENT_CPM_NETWORK"
"76","PHYSICAL_SCOPE","งานตกแต่งภายใน","A","โซนพิพิธภัณฑ์มรดกโลกห้วยขาแข้ง (zone A)","โซนอาคารร้านอาหารและร้านกาแฟ","โซนอาคารร้านอาหารและร้านกาแฟ","CLEAN","","CONFIRMED","AREA_AND_WORK_EXACT","จับคู่โซนย่อยและหมวดงานกับกิจกรรมรายละเอียดใน Baseline","MAPPED_ELAPSED_SPAN","599","730","132","ELAPSED_SPAN_NOT_WORK_EFFORT","DERIVED_FROM_PINNED_BASELINE","v0.8.2","fef660d14ae8ddecda66af3980cee939ac72c84d","1405af254e0ffb590455de45170cbcf25d38790c","6","P01-A24-WFIN;P01-A24-DRW;P01-A24-FLR;P01-A24-CEIL;P01-A24-PNT;P01-A24-FURN","NONE","ไม่พบกิจกรรมรายละเอียดที่อ้างอิงซึ่งมี Total Float = 0","SUMMARY_VIEW_NO_INDEPENDENT_CPM_NETWORK"
"77","PHYSICAL_SCOPE","งานตกแต่งภายใน","A","โซนพิพิธภัณฑ์มรดกโลกห้วยขาแข้ง (zone A)","โซนอาคารประชุม และอเนกประสงค์","โซนอาคารประชุม และอเนกประสงค์","CLEAN","","CONFIRMED","AREA_AND_WORK_EXACT","จับคู่โซนย่อยและหมวดงานกับกิจกรรมรายละเอียดใน Baseline","MAPPED_ELAPSED_SPAN","636","769","134","ELAPSED_SPAN_NOT_WORK_EFFORT","DERIVED_FROM_PINNED_BASELINE","v0.8.2","fef660d14ae8ddecda66af3980cee939ac72c84d","1405af254e0ffb590455de45170cbcf25d38790c","6","P01-A25-WFIN;P01-A25-DRW;P01-A25-FLR;P01-A25-CEIL;P01-A25-PNT;P01-A25-FURN","NONE","ไม่พบกิจกรรมรายละเอียดที่อ้างอิงซึ่งมี Total Float = 0","SUMMARY_VIEW_NO_INDEPENDENT_CPM_NETWORK"
"79","PHYSICAL_SCOPE","งานตกแต่งภายใน","B","โซนพักค้างคืน 1 (zone B)","งานห้องน้ำ","งานห้องน้ำ","CLEAN","","CONFIRMED","AREA_AND_WORK_EXACT","จับคู่โซนย่อยและหมวดงานกับกิจกรรมรายละเอียดใน Baseline","MAPPED_ELAPSED_SPAN","669","743","75","ELAPSED_SPAN_NOT_WORK_EFFORT","DERIVED_FROM_PINNED_BASELINE","v0.8.2","fef660d14ae8ddecda66af3980cee939ac72c84d","1405af254e0ffb590455de45170cbcf25d38790c","6","P01-B31-WFIN;P01-B31-DRW;P01-B31-FLR;P01-B31-CEIL;P01-B31-PNT;P01-B31-FURN","NONE","ไม่พบกิจกรรมรายละเอียดที่อ้างอิงซึ่งมี Total Float = 0","SUMMARY_VIEW_NO_INDEPENDENT_CPM_NETWORK"
"81","PHYSICAL_SCOPE","งานตกแต่งภายใน","C","โซนพักค้างคืน 2 (zone C)","โซนพื้นที่ต้อนรับ","โซนพื้นที่ต้อนรับ","CLEAN","","CONFIRMED","AREA_AND_WORK_EXACT","จับคู่โซนย่อยและหมวดงานกับกิจกรรมรายละเอียดใน Baseline","MAPPED_ELAPSED_SPAN","702","782","81","ELAPSED_SPAN_NOT_WORK_EFFORT","DERIVED_FROM_PINNED_BASELINE","v0.8.2","fef660d14ae8ddecda66af3980cee939ac72c84d","1405af254e0ffb590455de45170cbcf25d38790c","6","P01-C41-WFIN;P01-C41-DRW;P01-C41-FLR;P01-C41-CEIL;P01-C41-PNT;P01-C41-FURN","NONE","ไม่พบกิจกรรมรายละเอียดที่อ้างอิงซึ่งมี Total Float = 0","SUMMARY_VIEW_NO_INDEPENDENT_CPM_NETWORK"
"83","PHYSICAL_SCOPE","งานตกแต่งภายใน","D","โซนพื้นที่ศึกษาธรรมชาติ (zone D)","โซนศึกษาธรรมชาติ 3","โซนศึกษาธรรมชาติ 3","CLEAN","","TBC","TIMING_TBC","Baseline ที่ตรึงไว้ไม่มีหมวดงานตกแต่งภายในเฉพาะสำหรับโซนศึกษาธรรมชาติ 3 จึงไม่ใช้ช่วงรวมทั้งโซน","TBC_TEAM_CONFIRMATION","","","","TBC","NOT_ASSIGNED","v0.8.2","fef660d14ae8ddecda66af3980cee939ac72c84d","1405af254e0ffb590455de45170cbcf25d38790c","0","","NOT_ASSESSED_TBC","ยังไม่ประเมินจนกว่าทีมจะยืนยัน Package และช่วงเวลา","SUMMARY_VIEW_NO_INDEPENDENT_CPM_NETWORK"
"86","PHYSICAL_SCOPE","งานครุภัณฑ์จัดจ้างหรือสั่งทำ","A","โซนพิพิธภัณฑ์มรดกโลกห้วยขาแข้ง (zone A)","โซนทางเข้า-ออก หลัก","โซนทางเข้า–ออกหลัก","CLEAN","","CONFIRMED","AREA_AND_WORK_EXACT","จับคู่โซนย่อยและหมวดงานกับกิจกรรมรายละเอียดใน Baseline","MAPPED_ELAPSED_SPAN","323","365","43","ELAPSED_SPAN_NOT_WORK_EFFORT","DERIVED_FROM_PINNED_BASELINE","v0.8.2","fef660d14ae8ddecda66af3980cee939ac72c84d","1405af254e0ffb590455de45170cbcf25d38790c","1","P01-A21-FURN","NONE","ไม่พบกิจกรรมรายละเอียดที่อ้างอิงซึ่งมี Total Float = 0","SUMMARY_VIEW_NO_INDEPENDENT_CPM_NETWORK"
"87","PHYSICAL_SCOPE","งานครุภัณฑ์จัดจ้างหรือสั่งทำ","A","โซนพิพิธภัณฑ์มรดกโลกห้วยขาแข้ง (zone A)","โซนอาคารรับรอง อาคารพิพิธภัณฑ์และนิทรรศการ","โซนอาคารรับรอง อาคารพิพิธภัณฑ์และนิทรรศการ","CLEAN","","CONFIRMED","AREA_AND_WORK_EXACT","จับคู่โซนย่อยและหมวดงานกับกิจกรรมรายละเอียดใน Baseline","MAPPED_ELAPSED_SPAN","669","800","132","ELAPSED_SPAN_NOT_WORK_EFFORT","DERIVED_FROM_PINNED_BASELINE","v0.8.2","fef660d14ae8ddecda66af3980cee939ac72c84d","1405af254e0ffb590455de45170cbcf25d38790c","4","P01-A23-EX01;P01-A23-EX02;P01-A23-EX03;P01-A23-FURN","NONE","ไม่พบกิจกรรมรายละเอียดที่อ้างอิงซึ่งมี Total Float = 0","SUMMARY_VIEW_NO_INDEPENDENT_CPM_NETWORK"
"88","PHYSICAL_SCOPE","งานครุภัณฑ์จัดจ้างหรือสั่งทำ","A","โซนพิพิธภัณฑ์มรดกโลกห้วยขาแข้ง (zone A)","โซนอาคารร้านอาหารและร้านกาแฟ","โซนอาคารร้านอาหารและร้านกาแฟ","CLEAN","","CONFIRMED","AREA_AND_WORK_EXACT","จับคู่โซนย่อยและหมวดงานกับกิจกรรมรายละเอียดใน Baseline","MAPPED_ELAPSED_SPAN","567","755","189","ELAPSED_SPAN_NOT_WORK_EFFORT","DERIVED_FROM_PINNED_BASELINE","v0.8.2","fef660d14ae8ddecda66af3980cee939ac72c84d","1405af254e0ffb590455de45170cbcf25d38790c","4","P01-A24-EX01;P01-A24-EX02;P01-A24-FURN;P01-A24-EX03","NONE","ไม่พบกิจกรรมรายละเอียดที่อ้างอิงซึ่งมี Total Float = 0","SUMMARY_VIEW_NO_INDEPENDENT_CPM_NETWORK"
"89","PHYSICAL_SCOPE","งานครุภัณฑ์จัดจ้างหรือสั่งทำ","A","โซนพิพิธภัณฑ์มรดกโลกห้วยขาแข้ง (zone A)","โซนอาคารประชุม และอเนกประสงค์","โซนอาคารประชุม และอเนกประสงค์","CLEAN","","CONFIRMED","AREA_AND_WORK_EXACT","จับคู่โซนย่อยและหมวดงานกับกิจกรรมรายละเอียดใน Baseline","MAPPED_ELAPSED_SPAN","697","792","96","ELAPSED_SPAN_NOT_WORK_EFFORT","DERIVED_FROM_PINNED_BASELINE","v0.8.2","fef660d14ae8ddecda66af3980cee939ac72c84d","1405af254e0ffb590455de45170cbcf25d38790c","3","P01-A25-EX01;P01-A25-FURN;P01-A25-EX02","NONE","ไม่พบกิจกรรมรายละเอียดที่อ้างอิงซึ่งมี Total Float = 0","SUMMARY_VIEW_NO_INDEPENDENT_CPM_NETWORK"
"90","PHYSICAL_SCOPE","งานครุภัณฑ์จัดจ้างหรือสั่งทำ","A","โซนพิพิธภัณฑ์มรดกโลกห้วยขาแข้ง (zone A)","อาคารผลิตน้ำประปา","อาคารผลิตน้ำประปา","CLEAN","","CONFIRMED","AREA_AND_WORK_EXACT","จับคู่โซนย่อยและหมวดงานกับกิจกรรมรายละเอียดใน Baseline","MAPPED_ELAPSED_SPAN","627","785","159","ELAPSED_SPAN_NOT_WORK_EFFORT","DERIVED_FROM_PINNED_BASELINE","v0.8.2","fef660d14ae8ddecda66af3980cee939ac72c84d","1405af254e0ffb590455de45170cbcf25d38790c","4","P01-A26-EX01;P01-A26-EX02;P01-A26-FURN;P01-A26-EX03","NONE","ไม่พบกิจกรรมรายละเอียดที่อ้างอิงซึ่งมี Total Float = 0","SUMMARY_VIEW_NO_INDEPENDENT_CPM_NETWORK"
"92","PHYSICAL_SCOPE","งานครุภัณฑ์จัดจ้างหรือสั่งทำ","B","โซนพักค้างคืน 1 (zone B)","โซนลานจอดรถ","โซนลานจอดรถ","CLEAN","","CONFIRMED","AREA_AND_WORK_EXACT","จับคู่โซนย่อยและหมวดงานกับกิจกรรมรายละเอียดใน Baseline","MAPPED_ELAPSED_SPAN","715","777","63","ELAPSED_SPAN_NOT_WORK_EFFORT","DERIVED_FROM_PINNED_BASELINE","v0.8.2","fef660d14ae8ddecda66af3980cee939ac72c84d","1405af254e0ffb590455de45170cbcf25d38790c","1","P01-B33-FURN","NONE","ไม่พบกิจกรรมรายละเอียดที่อ้างอิงซึ่งมี Total Float = 0","SUMMARY_VIEW_NO_INDEPENDENT_CPM_NETWORK"
"94","PHYSICAL_SCOPE","งานครุภัณฑ์จัดจ้างหรือสั่งทำ","C","โซนพักค้างคืน 2 (zone C)","โซนพื้นที่ต้อนรับ","โซนพื้นที่ต้อนรับ","CLEAN","","CONFIRMED","AREA_AND_WORK_EXACT","จับคู่โซนย่อยและหมวดงานกับกิจกรรมรายละเอียดใน Baseline","MAPPED_ELAPSED_SPAN","751","782","32","ELAPSED_SPAN_NOT_WORK_EFFORT","DERIVED_FROM_PINNED_BASELINE","v0.8.2","fef660d14ae8ddecda66af3980cee939ac72c84d","1405af254e0ffb590455de45170cbcf25d38790c","1","P01-C41-FURN","NONE","ไม่พบกิจกรรมรายละเอียดที่อ้างอิงซึ่งมี Total Float = 0","SUMMARY_VIEW_NO_INDEPENDENT_CPM_NETWORK"
"95","PHYSICAL_SCOPE","งานครุภัณฑ์จัดจ้างหรือสั่งทำ","C","โซนพักค้างคืน 2 (zone C)","โซนพื้นที่บ้านเต็นท์","โซนพื้นที่บ้านเต็นท์","CLEAN","","CONFIRMED","AREA_AND_WORK_EXACT","จับคู่โซนย่อยและหมวดงานกับกิจกรรมรายละเอียดใน Baseline","MAPPED_ELAPSED_SPAN","735","863","129","ELAPSED_SPAN_NOT_WORK_EFFORT","DERIVED_FROM_PINNED_BASELINE","v0.8.2","fef660d14ae8ddecda66af3980cee939ac72c84d","1405af254e0ffb590455de45170cbcf25d38790c","3","P01-C42A-FURN;P01-C42B-FURN;P01-C42C-FURN","NONE","ไม่พบกิจกรรมรายละเอียดที่อ้างอิงซึ่งมี Total Float = 0","SUMMARY_VIEW_NO_INDEPENDENT_CPM_NETWORK"
"97","PHYSICAL_SCOPE","งานครุภัณฑ์จัดจ้างหรือสั่งทำ","D","โซนพื้นที่ศึกษาธรรมชาติ (zone D)","โซนศึกษาธรรมชาติ 3","โซนศึกษาธรรมชาติ 3","CLEAN","","CONFIRMED","AREA_AND_WORK_EXACT","จับคู่โซนย่อยและหมวดงานกับกิจกรรมรายละเอียดใน Baseline","MAPPED_ELAPSED_SPAN","834","902","69","ELAPSED_SPAN_NOT_WORK_EFFORT","DERIVED_FROM_PINNED_BASELINE","v0.8.2","fef660d14ae8ddecda66af3980cee939ac72c84d","1405af254e0ffb590455de45170cbcf25d38790c","1","P01-D53-FURN","NONE","ไม่พบกิจกรรมรายละเอียดที่อ้างอิงซึ่งมี Total Float = 0","SUMMARY_VIEW_NO_INDEPENDENT_CPM_NETWORK"
"100","PHYSICAL_SCOPE","งานภูมิทัศน์","A","โซนพิพิธภัณฑ์มรดกโลกห้วยขาแข้ง (zone A)","โซนทางเข้า-ออก หลัก","โซนทางเข้า–ออกหลัก","CLEAN","","CONFIRMED","AREA_AND_WORK_EXACT","จับคู่โซนย่อยและหมวดงานกับกิจกรรมรายละเอียดใน Baseline","MAPPED_ELAPSED_SPAN","181","399","219","ELAPSED_SPAN_NOT_WORK_EFFORT","DERIVED_FROM_PINNED_BASELINE","v0.8.2","fef660d14ae8ddecda66af3980cee939ac72c84d","1405af254e0ffb590455de45170cbcf25d38790c","15","P01-A21-SUR;P01-A21-CTRL;P01-A21-MON;P01-A21-EW;P01-A21-DRN;P01-A21-UTIL;P01-A21-BASE;P01-A21-PAVE;P01-A21-ELE;P01-A21-SOIL;P01-A21-FURN;P01-A21-SOFT;P01-A21-IRR;P01-A21-REST;P01-A21-FIN","NONE","ไม่พบกิจกรรมรายละเอียดที่อ้างอิงซึ่งมี Total Float = 0","SUMMARY_VIEW_NO_INDEPENDENT_CPM_NETWORK"
"101","PHYSICAL_SCOPE","งานภูมิทัศน์","A","โซนพิพิธภัณฑ์มรดกโลกห้วยขาแข้ง (zone A)","โซน Drop-off","โซน Drop-off","CLEAN","","CONFIRMED","AREA_AND_WORK_EXACT","จับคู่โซนย่อยและหมวดงานกับกิจกรรมรายละเอียดใน Baseline","MAPPED_ELAPSED_SPAN","220","439","220","ELAPSED_SPAN_NOT_WORK_EFFORT","DERIVED_FROM_PINNED_BASELINE","v0.8.2","fef660d14ae8ddecda66af3980cee939ac72c84d","1405af254e0ffb590455de45170cbcf25d38790c","15","P01-A22-SUR;P01-A22-CTRL;P01-A22-MON;P01-A22-EW;P01-A22-DRN;P01-A22-UTIL;P01-A22-BASE;P01-A22-PAVE;P01-A22-ELE;P01-A22-SOIL;P01-A22-FURN;P01-A22-SOFT;P01-A22-IRR;P01-A22-REST;P01-A22-FIN","NONE","ไม่พบกิจกรรมรายละเอียดที่อ้างอิงซึ่งมี Total Float = 0","SUMMARY_VIEW_NO_INDEPENDENT_CPM_NETWORK"
"102","PHYSICAL_SCOPE","งานภูมิทัศน์","A","โซนพิพิธภัณฑ์มรดกโลกห้วยขาแข้ง (zone A)","โซนอาคารรับรอง อาคารพิพิธภัณฑ์และนิทรรศการ","โซนอาคารรับรอง อาคารพิพิธภัณฑ์และนิทรรศการ","CLEAN","","CONFIRMED","AREA_AND_WORK_EXACT","จับคู่โซนย่อยและหมวดงานกับกิจกรรมรายละเอียดใน Baseline","MAPPED_ELAPSED_SPAN","181","797","617","ELAPSED_SPAN_NOT_WORK_EFFORT","DERIVED_FROM_PINNED_BASELINE","v0.8.2","fef660d14ae8ddecda66af3980cee939ac72c84d","1405af254e0ffb590455de45170cbcf25d38790c","3","P01-A23-SUR;P01-A23-EXT;P01-A23-FURN","CONTAINS_ZERO_FLOAT_DETAIL","มีอย่างน้อยหนึ่งกิจกรรมรายละเอียดที่อ้างอิงอยู่บนเส้น Total Float = 0; ไม่ได้หมายความว่า Summary bar ทั้งช่วงเป็น Critical Path","SUMMARY_VIEW_NO_INDEPENDENT_CPM_NETWORK"
"103","PHYSICAL_SCOPE","งานภูมิทัศน์","A","โซนพิพิธภัณฑ์มรดกโลกห้วยขาแข้ง (zone A)","โซนอาคารร้านอาหารและร้านกาแฟ","โซนอาคารร้านอาหารและร้านกาแฟ","CLEAN","","CONFIRMED","AREA_AND_WORK_EXACT","จับคู่โซนย่อยและหมวดงานกับกิจกรรมรายละเอียดใน Baseline","MAPPED_ELAPSED_SPAN","300","730","431","ELAPSED_SPAN_NOT_WORK_EFFORT","DERIVED_FROM_PINNED_BASELINE","v0.8.2","fef660d14ae8ddecda66af3980cee939ac72c84d","1405af254e0ffb590455de45170cbcf25d38790c","3","P01-A24-SUR;P01-A24-EXT;P01-A24-FURN","NONE","ไม่พบกิจกรรมรายละเอียดที่อ้างอิงซึ่งมี Total Float = 0","SUMMARY_VIEW_NO_INDEPENDENT_CPM_NETWORK"
"104","PHYSICAL_SCOPE","งานภูมิทัศน์","A","โซนพิพิธภัณฑ์มรดกโลกห้วยขาแข้ง (zone A)","โซนอาคารประชุม และอเนกประสงค์","โซนอาคารประชุม และอเนกประสงค์","CLEAN","","CONFIRMED","AREA_AND_WORK_EXACT","จับคู่โซนย่อยและหมวดงานกับกิจกรรมรายละเอียดใน Baseline","MAPPED_ELAPSED_SPAN","330","769","440","ELAPSED_SPAN_NOT_WORK_EFFORT","DERIVED_FROM_PINNED_BASELINE","v0.8.2","fef660d14ae8ddecda66af3980cee939ac72c84d","1405af254e0ffb590455de45170cbcf25d38790c","3","P01-A25-SUR;P01-A25-EXT;P01-A25-FURN","NONE","ไม่พบกิจกรรมรายละเอียดที่อ้างอิงซึ่งมี Total Float = 0","SUMMARY_VIEW_NO_INDEPENDENT_CPM_NETWORK"
"105","PHYSICAL_SCOPE","งานภูมิทัศน์","A","โซนพิพิธภัณฑ์มรดกโลกห้วยขาแข้ง (zone A)","อาคารผลิตน้ำประปา","อาคารผลิตน้ำประปา","CLEAN","","CONFIRMED","AREA_AND_WORK_EXACT","จับคู่โซนย่อยและหมวดงานกับกิจกรรมรายละเอียดใน Baseline","MAPPED_ELAPSED_SPAN","360","762","403","ELAPSED_SPAN_NOT_WORK_EFFORT","DERIVED_FROM_PINNED_BASELINE","v0.8.2","fef660d14ae8ddecda66af3980cee939ac72c84d","1405af254e0ffb590455de45170cbcf25d38790c","3","P01-A26-SUR;P01-A26-EXT;P01-A26-FURN","NONE","ไม่พบกิจกรรมรายละเอียดที่อ้างอิงซึ่งมี Total Float = 0","SUMMARY_VIEW_NO_INDEPENDENT_CPM_NETWORK"
"106","PHYSICAL_SCOPE","งานภูมิทัศน์","A","โซนพิพิธภัณฑ์มรดกโลกห้วยขาแข้ง (zone A)","โซนสนามหญ้าอเนกประสงค์","โซนสนามหญ้าอเนกประสงค์","CLEAN","","CONFIRMED","AREA_AND_WORK_EXACT","จับคู่โซนย่อยและหมวดงานกับกิจกรรมรายละเอียดใน Baseline","MAPPED_ELAPSED_SPAN","520","819","300","ELAPSED_SPAN_NOT_WORK_EFFORT","DERIVED_FROM_PINNED_BASELINE","v0.8.2","fef660d14ae8ddecda66af3980cee939ac72c84d","1405af254e0ffb590455de45170cbcf25d38790c","15","P01-A27-SUR;P01-A27-CTRL;P01-A27-MON;P01-A27-EW;P01-A27-DRN;P01-A27-UTIL;P01-A27-BASE;P01-A27-PAVE;P01-A27-ELE;P01-A27-SOIL;P01-A27-FURN;P01-A27-SOFT;P01-A27-IRR;P01-A27-REST;P01-A27-FIN","NONE","ไม่พบกิจกรรมรายละเอียดที่อ้างอิงซึ่งมี Total Float = 0","SUMMARY_VIEW_NO_INDEPENDENT_CPM_NETWORK"
"107","PHYSICAL_SCOPE","งานภูมิทัศน์","A","โซนพิพิธภัณฑ์มรดกโลกห้วยขาแข้ง (zone A)","งานผังบริเวณและปรับปรุงภูมิทัศน์","งานผังบริเวณและปรับปรุงภูมิทัศน์","CLEAN","","CONFIRMED","AREA_AND_WORK_EXACT","จับคู่โซนย่อยและหมวดงานกับกิจกรรมรายละเอียดใน Baseline","MAPPED_ELAPSED_SPAN","650","979","330","ELAPSED_SPAN_NOT_WORK_EFFORT","DERIVED_FROM_PINNED_BASELINE","v0.8.2","fef660d14ae8ddecda66af3980cee939ac72c84d","1405af254e0ffb590455de45170cbcf25d38790c","15","P01-A28-SUR;P01-A28-CTRL;P01-A28-MON;P01-A28-EW;P01-A28-DRN;P01-A28-UTIL;P01-A28-BASE;P01-A28-PAVE;P01-A28-ELE;P01-A28-SOIL;P01-A28-FURN;P01-A28-SOFT;P01-A28-IRR;P01-A28-REST;P01-A28-FIN","NONE","ไม่พบกิจกรรมรายละเอียดที่อ้างอิงซึ่งมี Total Float = 0","SUMMARY_VIEW_NO_INDEPENDENT_CPM_NETWORK"
"108","PHYSICAL_SCOPE","งานภูมิทัศน์","A","โซนพิพิธภัณฑ์มรดกโลกห้วยขาแข้ง (zone A)","ห้องปั๊มและถังเก็บน้ำ","ห้องปั๊มและถังเก็บน้ำ","CLEAN","","TBC","TIMING_TBC","ยกเลิกการจับคู่กับ “อาคารห้องนิรันดร์ พื้นที่ A” เพราะไม่ใช่หลักฐานยืนยันว่าเป็นห้องปั๊มและถังเก็บน้ำ; รอแบบ/BOQ/ทีมงานยืนยัน Package และช่วงเวลา","TBC_TEAM_CONFIRMATION","","","","TBC","NOT_ASSIGNED","v0.8.2","fef660d14ae8ddecda66af3980cee939ac72c84d","1405af254e0ffb590455de45170cbcf25d38790c","0","","NOT_ASSESSED_TBC","ยังไม่ประเมินจนกว่าทีมจะยืนยัน Package และช่วงเวลา","SUMMARY_VIEW_NO_INDEPENDENT_CPM_NETWORK"
"109","PHYSICAL_SCOPE","งานภูมิทัศน์","A","โซนพิพิธภัณฑ์มรดกโลกห้วยขาแข้ง (zone A)","งานครุภัณฑ์จัดจ้างหรือสั่งทำ","งานครุภัณฑ์จัดจ้างหรือสั่งทำ","CLEAN","","CONFIRMED","ZONE_EQUIPMENT_SCOPE_MATCH","รายการ Excel เป็นงานครุภัณฑ์ระดับโซน จึงจับคู่เฉพาะกิจกรรมครุภัณฑ์/อุปกรณ์ในโซน ไม่ใช้ช่วงรวมของหมวดงานอื่น","MAPPED_ELAPSED_SPAN","323","927","605","ELAPSED_SPAN_NOT_WORK_EFFORT","DERIVED_FROM_PINNED_BASELINE","v0.8.2","fef660d14ae8ddecda66af3980cee939ac72c84d","1405af254e0ffb590455de45170cbcf25d38790c","20","P01-A21-FURN;P01-A22-FURN;P01-A24-EX01;P01-A26-EX01;P01-A24-EX02;P01-A23-EX01;P01-A26-EX02;P01-A24-FURN;P01-A25-EX01;P01-A23-EX02;P01-A26-FURN;P01-A27-FURN;P01-A25-FURN;P01-A23-EX03;P01-A23-FURN;P01-A24-EX03;P01-A26-EX03;P01-A25-EX02;P01-A29-FURN;P01-A28-FURN","NONE","ไม่พบกิจกรรมรายละเอียดที่อ้างอิงซึ่งมี Total Float = 0","SUMMARY_VIEW_NO_INDEPENDENT_CPM_NETWORK"
"111","PHYSICAL_SCOPE","งานภูมิทัศน์","B","โซนพักค้างคืน 1 (zone B)","โซนลานจอดรถ","โซนลานจอดรถ","CLEAN","","CONFIRMED","AREA_AND_WORK_EXACT","จับคู่โซนย่อยและหมวดงานกับกิจกรรมรายละเอียดใน Baseline","MAPPED_ELAPSED_SPAN","500","829","330","ELAPSED_SPAN_NOT_WORK_EFFORT","DERIVED_FROM_PINNED_BASELINE","v0.8.2","fef660d14ae8ddecda66af3980cee939ac72c84d","1405af254e0ffb590455de45170cbcf25d38790c","15","P01-B33-SUR;P01-B33-CTRL;P01-B33-MON;P01-B33-EW;P01-B33-DRN;P01-B33-UTIL;P01-B33-BASE;P01-B33-PAVE;P01-B33-ELE;P01-B33-SOIL;P01-B33-FURN;P01-B33-SOFT;P01-B33-IRR;P01-B33-REST;P01-B33-FIN","NONE","ไม่พบกิจกรรมรายละเอียดที่อ้างอิงซึ่งมี Total Float = 0","SUMMARY_VIEW_NO_INDEPENDENT_CPM_NETWORK"
"112","PHYSICAL_SCOPE","งานภูมิทัศน์","B","โซนพักค้างคืน 1 (zone B)","งานผังบริเวณและปรับปรุงภูมิทัศน์","งานผังบริเวณและปรับปรุงภูมิทัศน์","CLEAN","","CONFIRMED","AREA_AND_WORK_EXACT","จับคู่โซนย่อยและหมวดงานกับกิจกรรมรายละเอียดใน Baseline","MAPPED_ELAPSED_SPAN","720","899","180","ELAPSED_SPAN_NOT_WORK_EFFORT","DERIVED_FROM_PINNED_BASELINE","v0.8.2","fef660d14ae8ddecda66af3980cee939ac72c84d","1405af254e0ffb590455de45170cbcf25d38790c","15","P01-B34-SUR;P01-B34-CTRL;P01-B34-MON;P01-B34-EW;P01-B34-DRN;P01-B34-UTIL;P01-B34-BASE;P01-B34-PAVE;P01-B34-ELE;P01-B34-SOIL;P01-B34-FURN;P01-B34-SOFT;P01-B34-IRR;P01-B34-REST;P01-B34-FIN","NONE","ไม่พบกิจกรรมรายละเอียดที่อ้างอิงซึ่งมี Total Float = 0","SUMMARY_VIEW_NO_INDEPENDENT_CPM_NETWORK"
"113","PHYSICAL_SCOPE","งานภูมิทัศน์","B","โซนพักค้างคืน 1 (zone B)","จุดรวมขยะโครงการ","จุดรวมขยะโครงการ","CLEAN","","CONFIRMED","AREA_AND_WORK_EXACT","จับคู่โซนย่อยและหมวดงานกับกิจกรรมรายละเอียดใน Baseline","MAPPED_ELAPSED_SPAN","520","716","197","ELAPSED_SPAN_NOT_WORK_EFFORT","DERIVED_FROM_PINNED_BASELINE","v0.8.2","fef660d14ae8ddecda66af3980cee939ac72c84d","1405af254e0ffb590455de45170cbcf25d38790c","3","P01-B32-SUR;P01-B32-EXT;P01-B32-FURN","NONE","ไม่พบกิจกรรมรายละเอียดที่อ้างอิงซึ่งมี Total Float = 0","SUMMARY_VIEW_NO_INDEPENDENT_CPM_NETWORK"
"114","PHYSICAL_SCOPE","งานภูมิทัศน์","B","โซนพักค้างคืน 1 (zone B)","งานครุภัณฑ์จัดจ้างหรือสั่งทำ","งานครุภัณฑ์จัดจ้างหรือสั่งทำ","CLEAN","","CONFIRMED","ZONE_EQUIPMENT_SCOPE_MATCH","รายการ Excel เป็นงานครุภัณฑ์ระดับโซน จึงจับคู่เฉพาะกิจกรรมครุภัณฑ์/อุปกรณ์ในโซน ไม่ใช้ช่วงรวมของหมวดงานอื่น","MAPPED_ELAPSED_SPAN","693","871","179","ELAPSED_SPAN_NOT_WORK_EFFORT","DERIVED_FROM_PINNED_BASELINE","v0.8.2","fef660d14ae8ddecda66af3980cee939ac72c84d","1405af254e0ffb590455de45170cbcf25d38790c","4","P01-B32-FURN;P01-B31-FURN;P01-B33-FURN;P01-B34-FURN","NONE","ไม่พบกิจกรรมรายละเอียดที่อ้างอิงซึ่งมี Total Float = 0","SUMMARY_VIEW_NO_INDEPENDENT_CPM_NETWORK"
"116","PHYSICAL_SCOPE","งานภูมิทัศน์","C","โซนพักค้างคืน 2 (zone C)","โซนพื้นที่ต้อนรับ","โซนพื้นที่ต้อนรับ","CLEAN","","CONFIRMED","AREA_AND_WORK_EXACT","จับคู่โซนย่อยและหมวดงานกับกิจกรรมรายละเอียดใน Baseline","MAPPED_ELAPSED_SPAN","520","782","263","ELAPSED_SPAN_NOT_WORK_EFFORT","DERIVED_FROM_PINNED_BASELINE","v0.8.2","fef660d14ae8ddecda66af3980cee939ac72c84d","1405af254e0ffb590455de45170cbcf25d38790c","3","P01-C41-SUR;P01-C41-EXT;P01-C41-FURN","NONE","ไม่พบกิจกรรมรายละเอียดที่อ้างอิงซึ่งมี Total Float = 0","SUMMARY_VIEW_NO_INDEPENDENT_CPM_NETWORK"
"117","PHYSICAL_SCOPE","งานภูมิทัศน์","C","โซนพักค้างคืน 2 (zone C)","โซนพื้นที่บ้านเต็นท์","โซนพื้นที่บ้านเต็นท์","CLEAN","","CONFIRMED","AREA_AND_WORK_EXACT","จับคู่โซนย่อยและหมวดงานกับกิจกรรมรายละเอียดใน Baseline","MAPPED_ELAPSED_SPAN","520","863","344","ELAPSED_SPAN_NOT_WORK_EFFORT","DERIVED_FROM_PINNED_BASELINE","v0.8.2","fef660d14ae8ddecda66af3980cee939ac72c84d","1405af254e0ffb590455de45170cbcf25d38790c","9","P01-C42A-SUR;P01-C42B-SUR;P01-C42C-SUR;P01-C42A-EXT;P01-C42A-FURN;P01-C42B-EXT;P01-C42B-FURN;P01-C42C-EXT;P01-C42C-FURN","NONE","ไม่พบกิจกรรมรายละเอียดที่อ้างอิงซึ่งมี Total Float = 0","SUMMARY_VIEW_NO_INDEPENDENT_CPM_NETWORK"
"118","PHYSICAL_SCOPE","งานภูมิทัศน์","C","โซนพักค้างคืน 2 (zone C)","ห้องปั๊มและถังเก็บน้ำ","ห้องปั๊มและถังเก็บน้ำ","CLEAN","","CONFIRMED","AREA_AND_WORK_EXACT","จับคู่โซนย่อยและหมวดงานกับกิจกรรมรายละเอียดใน Baseline","MAPPED_ELAPSED_SPAN","650","846","197","ELAPSED_SPAN_NOT_WORK_EFFORT","DERIVED_FROM_PINNED_BASELINE","v0.8.2","fef660d14ae8ddecda66af3980cee939ac72c84d","1405af254e0ffb590455de45170cbcf25d38790c","3","P01-C43-SUR;P01-C43-EXT;P01-C43-FURN","NONE","ไม่พบกิจกรรมรายละเอียดที่อ้างอิงซึ่งมี Total Float = 0","SUMMARY_VIEW_NO_INDEPENDENT_CPM_NETWORK"
"119","PHYSICAL_SCOPE","งานภูมิทัศน์","C","โซนพักค้างคืน 2 (zone C)","ครุภัณฑ์จัดจ้างหรือสั่งทำ","ครุภัณฑ์จัดจ้างหรือสั่งทำ","CLEAN","","CONFIRMED","ZONE_EQUIPMENT_SCOPE_MATCH","รายการ Excel เป็นงานครุภัณฑ์ระดับโซน จึงจับคู่เฉพาะกิจกรรมครุภัณฑ์/อุปกรณ์ในโซน ไม่ใช้ช่วงรวมของหมวดงานอื่น","MAPPED_ELAPSED_SPAN","735","863","129","ELAPSED_SPAN_NOT_WORK_EFFORT","DERIVED_FROM_PINNED_BASELINE","v0.8.2","fef660d14ae8ddecda66af3980cee939ac72c84d","1405af254e0ffb590455de45170cbcf25d38790c","6","P01-C42A-FURN;P01-C41-FURN;P01-C42B-FURN;P01-C43-FURN;P01-C42C-FURN;P01-C43-EX01","NONE","ไม่พบกิจกรรมรายละเอียดที่อ้างอิงซึ่งมี Total Float = 0","SUMMARY_VIEW_NO_INDEPENDENT_CPM_NETWORK"
"121","PHYSICAL_SCOPE","งานภูมิทัศน์","D","โซนพื้นที่ศึกษาธรรมชาติ (zone D)","โซนศึกษาธรรมชาติ 1","โซนศึกษาธรรมชาติ 1","CLEAN","","CONFIRMED","AREA_AND_WORK_EXACT","จับคู่โซนย่อยและหมวดงานกับกิจกรรมรายละเอียดใน Baseline","MAPPED_ELAPSED_SPAN","301","619","319","ELAPSED_SPAN_NOT_WORK_EFFORT","DERIVED_FROM_PINNED_BASELINE","v0.8.2","fef660d14ae8ddecda66af3980cee939ac72c84d","1405af254e0ffb590455de45170cbcf25d38790c","15","P01-D51-SUR;P01-D51-CTRL;P01-D51-MON;P01-D51-EW;P01-D51-DRN;P01-D51-BASE;P01-D51-UTIL;P01-D51-PAVE;P01-D51-ELE;P01-D51-SOIL;P01-D51-FURN;P01-D51-SOFT;P01-D51-IRR;P01-D51-REST;P01-D51-FIN","NONE","ไม่พบกิจกรรมรายละเอียดที่อ้างอิงซึ่งมี Total Float = 0","SUMMARY_VIEW_NO_INDEPENDENT_CPM_NETWORK"
"122","PHYSICAL_SCOPE","งานภูมิทัศน์","D","โซนพื้นที่ศึกษาธรรมชาติ (zone D)","โซนศึกษาธรรมชาติ 2","โซนศึกษาธรรมชาติ 2","CLEAN","","CONFIRMED","AREA_AND_WORK_EXACT","จับคู่โซนย่อยและหมวดงานกับกิจกรรมรายละเอียดใน Baseline","MAPPED_ELAPSED_SPAN","430","779","350","ELAPSED_SPAN_NOT_WORK_EFFORT","DERIVED_FROM_PINNED_BASELINE","v0.8.2","fef660d14ae8ddecda66af3980cee939ac72c84d","1405af254e0ffb590455de45170cbcf25d38790c","15","P01-D52-SUR;P01-D52-CTRL;P01-D52-MON;P01-D52-EW;P01-D52-DRN;P01-D52-UTIL;P01-D52-BASE;P01-D52-PAVE;P01-D52-ELE;P01-D52-SOIL;P01-D52-FURN;P01-D52-SOFT;P01-D52-IRR;P01-D52-REST;P01-D52-FIN","NONE","ไม่พบกิจกรรมรายละเอียดที่อ้างอิงซึ่งมี Total Float = 0","SUMMARY_VIEW_NO_INDEPENDENT_CPM_NETWORK"
"123","PHYSICAL_SCOPE","งานภูมิทัศน์","D","โซนพื้นที่ศึกษาธรรมชาติ (zone D)","โซนศึกษาธรรมชาติ 3","โซนศึกษาธรรมชาติ 3","CLEAN","","CONFIRMED","AREA_AND_WORK_EXACT","จับคู่โซนย่อยและหมวดงานกับกิจกรรมรายละเอียดใน Baseline","MAPPED_ELAPSED_SPAN","600","959","360","ELAPSED_SPAN_NOT_WORK_EFFORT","DERIVED_FROM_PINNED_BASELINE","v0.8.2","fef660d14ae8ddecda66af3980cee939ac72c84d","1405af254e0ffb590455de45170cbcf25d38790c","15","P01-D53-SUR;P01-D53-CTRL;P01-D53-MON;P01-D53-EW;P01-D53-DRN;P01-D53-UTIL;P01-D53-BASE;P01-D53-PAVE;P01-D53-ELE;P01-D53-SOIL;P01-D53-FURN;P01-D53-SOFT;P01-D53-IRR;P01-D53-REST;P01-D53-FIN","NONE","ไม่พบกิจกรรมรายละเอียดที่อ้างอิงซึ่งมี Total Float = 0","SUMMARY_VIEW_NO_INDEPENDENT_CPM_NETWORK"
"126","PHYSICAL_SCOPE","งานระบบพิเศษ","A","โซนพิพิธภัณฑ์มรดกโลกห้วยขาแข้ง (zone A)","โซนทางเข้า-ออก หลัก","โซนทางเข้า–ออกหลัก","CLEAN","","CONFIRMED","AREA_AND_WORK_EXACT","จับคู่โซนย่อยและหมวดงานกับกิจกรรมรายละเอียดใน Baseline","MAPPED_ELAPSED_SPAN","188","347","160","ELAPSED_SPAN_NOT_WORK_EFFORT","DERIVED_FROM_PINNED_BASELINE","v0.8.2","fef660d14ae8ddecda66af3980cee939ac72c84d","1405af254e0ffb590455de45170cbcf25d38790c","2","P01-A21-CTRL;P01-A21-ELE","NONE","ไม่พบกิจกรรมรายละเอียดที่อ้างอิงซึ่งมี Total Float = 0","SUMMARY_VIEW_NO_INDEPENDENT_CPM_NETWORK"
"127","PHYSICAL_SCOPE","งานระบบพิเศษ","A","โซนพิพิธภัณฑ์มรดกโลกห้วยขาแข้ง (zone A)","โซนพื้นที่ศึกษาธรรมชาติ (zone D)rop-off","โซน Drop-off","RESOLVED_DISPLAY_NORMALIZATION","ข้อความต้นทางมีการแทรก “โซนพื้นที่ศึกษาธรรมชาติ (zone D)” หน้าคำว่า rop-off; ใช้ “โซน Drop-off” เพื่อจับคู่ Gantt โดยคงข้อความต้นทางไว้ตรวจสอบ สถานะ v0.9.1: แก้คำแสดงผลแล้วและคง Audit Trail","CONFIRMED","AREA_AND_WORK_EXACT","จับคู่โซนย่อยและหมวดงานกับกิจกรรมรายละเอียดใน Baseline ข้อความแสดงผลแก้เป็น “โซน Drop-off” โดยเก็บข้อความ Excel เดิมและเหตุผลไว้ใน Source Register","MAPPED_ELAPSED_SPAN","227","387","161","ELAPSED_SPAN_NOT_WORK_EFFORT","DERIVED_FROM_EXISTING_BASELINE","v0.8.2","fef660d14ae8ddecda66af3980cee939ac72c84d","1405af254e0ffb590455de45170cbcf25d38790c","2","P01-A22-CTRL;P01-A22-ELE","NONE","ไม่พบกิจกรรมรายละเอียดที่อ้างอิงซึ่งมี Total Float = 0","SUMMARY_VIEW_NO_INDEPENDENT_CPM_NETWORK"
"128","PHYSICAL_SCOPE","งานระบบพิเศษ","A","โซนพิพิธภัณฑ์มรดกโลกห้วยขาแข้ง (zone A)","โซนอาคารรับรอง อาคารพิพิธภัณฑ์และนิทรรศการ","โซนอาคารรับรอง อาคารพิพิธภัณฑ์และนิทรรศการ","CLEAN","","CONFIRMED","AREA_AND_WORK_EXACT","จับคู่โซนย่อยและหมวดงานกับกิจกรรมรายละเอียดใน Baseline","MAPPED_ELAPSED_SPAN","511","827","317","ELAPSED_SPAN_NOT_WORK_EFFORT","DERIVED_FROM_PINNED_BASELINE","v0.8.2","fef660d14ae8ddecda66af3980cee939ac72c84d","1405af254e0ffb590455de45170cbcf25d38790c","10","P01-A23-ELE1;P01-A23-ICT1;P01-A23-EX01;P01-A23-EX02;P01-A23-ELE2;P01-A23-EX03;P01-A23-ICT2;P01-A23-FUNC;P01-A23-ITST;P01-A23-COMM","CONTAINS_ZERO_FLOAT_DETAIL","มีอย่างน้อยหนึ่งกิจกรรมรายละเอียดที่อ้างอิงอยู่บนเส้น Total Float = 0; ไม่ได้หมายความว่า Summary bar ทั้งช่วงเป็น Critical Path","SUMMARY_VIEW_NO_INDEPENDENT_CPM_NETWORK"
"129","PHYSICAL_SCOPE","งานระบบพิเศษ","A","โซนพิพิธภัณฑ์มรดกโลกห้วยขาแข้ง (zone A)","โซนอาคารร้านอาหารและร้านกาแฟ","โซนอาคารร้านอาหารและร้านกาแฟ","CLEAN","","CONFIRMED","AREA_AND_WORK_EXACT","จับคู่โซนย่อยและหมวดงานกับกิจกรรมรายละเอียดใน Baseline","MAPPED_ELAPSED_SPAN","530","755","226","ELAPSED_SPAN_NOT_WORK_EFFORT","DERIVED_FROM_PINNED_BASELINE","v0.8.2","fef660d14ae8ddecda66af3980cee939ac72c84d","1405af254e0ffb590455de45170cbcf25d38790c","10","P01-A24-ELE1;P01-A24-ICT1;P01-A24-EX01;P01-A24-EX02;P01-A24-ELE2;P01-A24-ICT2;P01-A24-FUNC;P01-A24-KTST;P01-A24-EX03;P01-A24-COMM","NONE","ไม่พบกิจกรรมรายละเอียดที่อ้างอิงซึ่งมี Total Float = 0","SUMMARY_VIEW_NO_INDEPENDENT_CPM_NETWORK"
"130","PHYSICAL_SCOPE","งานระบบพิเศษ","A","โซนพิพิธภัณฑ์มรดกโลกห้วยขาแข้ง (zone A)","โซนอาคารประชุม และอเนกประสงค์","โซนอาคารประชุม และอเนกประสงค์","CLEAN","","CONFIRMED","AREA_AND_WORK_EXACT","จับคู่โซนย่อยและหมวดงานกับกิจกรรมรายละเอียดใน Baseline","MAPPED_ELAPSED_SPAN","565","792","228","ELAPSED_SPAN_NOT_WORK_EFFORT","DERIVED_FROM_PINNED_BASELINE","v0.8.2","fef660d14ae8ddecda66af3980cee939ac72c84d","1405af254e0ffb590455de45170cbcf25d38790c","9","P01-A25-ELE1;P01-A25-ICT1;P01-A25-EX01;P01-A25-ELE2;P01-A25-ICT2;P01-A25-FUNC;P01-A25-ITST;P01-A25-EX02;P01-A25-COMM","NONE","ไม่พบกิจกรรมรายละเอียดที่อ้างอิงซึ่งมี Total Float = 0","SUMMARY_VIEW_NO_INDEPENDENT_CPM_NETWORK"
"131","PHYSICAL_SCOPE","งานระบบพิเศษ","A","โซนพิพิธภัณฑ์มรดกโลกห้วยขาแข้ง (zone A)","อาคารผลิตน้ำประปา","อาคารผลิตน้ำประปา","CLEAN","","CONFIRMED","AREA_AND_WORK_EXACT","จับคู่โซนย่อยและหมวดงานกับกิจกรรมรายละเอียดใน Baseline","MAPPED_ELAPSED_SPAN","575","785","211","ELAPSED_SPAN_NOT_WORK_EFFORT","DERIVED_FROM_PINNED_BASELINE","v0.8.2","fef660d14ae8ddecda66af3980cee939ac72c84d","1405af254e0ffb590455de45170cbcf25d38790c","11","P01-A26-ELE1;P01-A26-ICT1;P01-A26-EX01;P01-A26-EX02;P01-A26-ELE2;P01-A26-ICT2;P01-A26-CTST;P01-A26-FUNC;P01-A26-WTST;P01-A26-EX03;P01-A26-COMM","NONE","ไม่พบกิจกรรมรายละเอียดที่อ้างอิงซึ่งมี Total Float = 0","SUMMARY_VIEW_NO_INDEPENDENT_CPM_NETWORK"
"132","PHYSICAL_SCOPE","งานระบบพิเศษ","A","โซนพิพิธภัณฑ์มรดกโลกห้วยขาแข้ง (zone A)","โซนสนามหญ้าอเนกประสงค์","โซนสนามหญ้าอเนกประสงค์","CLEAN","","CONFIRMED","AREA_AND_WORK_EXACT","จับคู่โซนย่อยและหมวดงานกับกิจกรรมรายละเอียดใน Baseline","MAPPED_ELAPSED_SPAN","529","748","220","ELAPSED_SPAN_NOT_WORK_EFFORT","DERIVED_FROM_PINNED_BASELINE","v0.8.2","fef660d14ae8ddecda66af3980cee939ac72c84d","1405af254e0ffb590455de45170cbcf25d38790c","2","P01-A27-CTRL;P01-A27-ELE","NONE","ไม่พบกิจกรรมรายละเอียดที่อ้างอิงซึ่งมี Total Float = 0","SUMMARY_VIEW_NO_INDEPENDENT_CPM_NETWORK"
"134","PHYSICAL_SCOPE","งานระบบพิเศษ","B","โซนพักค้างคืน 1 (zone B)","โซนลานจอดรถ","โซนลานจอดรถ","CLEAN","","CONFIRMED","AREA_AND_WORK_EXACT","จับคู่โซนย่อยและหมวดงานกับกิจกรรมรายละเอียดใน Baseline","MAPPED_ELAPSED_SPAN","510","751","242","ELAPSED_SPAN_NOT_WORK_EFFORT","DERIVED_FROM_PINNED_BASELINE","v0.8.2","fef660d14ae8ddecda66af3980cee939ac72c84d","1405af254e0ffb590455de45170cbcf25d38790c","2","P01-B33-CTRL;P01-B33-ELE","NONE","ไม่พบกิจกรรมรายละเอียดที่อ้างอิงซึ่งมี Total Float = 0","SUMMARY_VIEW_NO_INDEPENDENT_CPM_NETWORK"
"136","PHYSICAL_SCOPE","งานระบบพิเศษ","C","โซนพักค้างคืน 2 (zone C)","โซนพื้นที่บ้านเต็นท์","โซนพื้นที่บ้านเต็นท์","CLEAN","","CONFIRMED","AREA_AND_WORK_EXACT","จับคู่โซนย่อยและหมวดงานกับกิจกรรมรายละเอียดใน Baseline","MAPPED_ELAPSED_SPAN","650","875","226","ELAPSED_SPAN_NOT_WORK_EFFORT","DERIVED_FROM_PINNED_BASELINE","v0.8.2","fef660d14ae8ddecda66af3980cee939ac72c84d","1405af254e0ffb590455de45170cbcf25d38790c","18","P01-C42A-ELE1;P01-C42A-ICT1;P01-C42B-ELE1;P01-C42B-ICT1;P01-C42A-ELE2;P01-C42A-ICT2;P01-C42C-ELE1;P01-C42C-ICT1;P01-C42A-FUNC;P01-C42A-COMM;P01-C42B-ELE2;P01-C42B-ICT2;P01-C42B-FUNC;P01-C42B-COMM;P01-C42C-ELE2;P01-C42C-ICT2;P01-C42C-FUNC;P01-C42C-COMM","NONE","ไม่พบกิจกรรมรายละเอียดที่อ้างอิงซึ่งมี Total Float = 0","SUMMARY_VIEW_NO_INDEPENDENT_CPM_NETWORK"
"138","PHYSICAL_SCOPE","งานระบบพิเศษ","D","โซนพื้นที่ศึกษาธรรมชาติ (zone D)","โซนศึกษาธรรมชาติ 1","โซนศึกษาธรรมชาติ 1","CLEAN","","CONFIRMED","AREA_AND_WORK_EXACT","จับคู่โซนย่อยและหมวดงานกับกิจกรรมรายละเอียดใน Baseline","MAPPED_ELAPSED_SPAN","311","543","233","ELAPSED_SPAN_NOT_WORK_EFFORT","DERIVED_FROM_PINNED_BASELINE","v0.8.2","fef660d14ae8ddecda66af3980cee939ac72c84d","1405af254e0ffb590455de45170cbcf25d38790c","2","P01-D51-CTRL;P01-D51-ELE","NONE","ไม่พบกิจกรรมรายละเอียดที่อ้างอิงซึ่งมี Total Float = 0","SUMMARY_VIEW_NO_INDEPENDENT_CPM_NETWORK"
"139","PHYSICAL_SCOPE","งานระบบพิเศษ","D","โซนพื้นที่ศึกษาธรรมชาติ (zone D)","โซนศึกษาธรรมชาติ 3","โซนศึกษาธรรมชาติ 3","CLEAN","","CONFIRMED","AREA_AND_WORK_EXACT","จับคู่โซนย่อยและหมวดงานกับกิจกรรมรายละเอียดใน Baseline","MAPPED_ELAPSED_SPAN","611","874","264","ELAPSED_SPAN_NOT_WORK_EFFORT","DERIVED_FROM_PINNED_BASELINE","v0.8.2","fef660d14ae8ddecda66af3980cee939ac72c84d","1405af254e0ffb590455de45170cbcf25d38790c","2","P01-D53-CTRL;P01-D53-ELE","NONE","ไม่พบกิจกรรมรายละเอียดที่อ้างอิงซึ่งมี Total Float = 0","SUMMARY_VIEW_NO_INDEPENDENT_CPM_NETWORK"
"141","SPECIAL_COST","ค่าใช้จ่ายพิเศษตามข้อกำหนดทุกรายการ","PROJECT","ทั้งโครงการ","ค่าใช้จ่ายทำรั้วชั่วคราว","ค่าใช้จ่ายทำรั้วชั่วคราว","CLEAN","","CONTROL_WINDOW","CONTROL_STREAM_MATCH","จับคู่กับกิจกรรมควบคุม/สนับสนุนที่มีอยู่ใน Baseline ช่วงนี้เป็นเพียงช่วงควบคุม/ช่วงที่ค่าใช้จ่ายอาจเกิดขึ้น ไม่ใช่ Cash Flow หรือ Payment Schedule","CONTROL_ALLOWANCE_WINDOW","1","960","960","CONTROL_WINDOW_ELAPSED_SPAN_NOT_COST_LOADING","CONTROL_WINDOW_FROM_PINNED_BASELINE","v0.8.2","fef660d14ae8ddecda66af3980cee939ac72c84d","1405af254e0ffb590455de45170cbcf25d38790c","15","P16-HER-001;P03-SITE-005;P10-ENV-003;P01-A21-CTRL;P01-A22-CTRL;P01-D51-CTRL;P01-D52-CTRL;P01-B33-CTRL;P01-A27-CTRL;P01-D53-CTRL;P01-A28-CTRL;P01-B34-CTRL;P01-D54-CTRL;P01-CP05-GATE;P01-CP06-GATE","CONTAINS_ZERO_FLOAT_DETAIL","มีอย่างน้อยหนึ่งกิจกรรมรายละเอียดที่อ้างอิงอยู่บนเส้น Total Float = 0; ไม่ได้หมายความว่า Summary bar ทั้งช่วงเป็น Critical Path","SUMMARY_VIEW_NO_INDEPENDENT_CPM_NETWORK"
"142","SPECIAL_COST","ค่าใช้จ่ายพิเศษตามข้อกำหนดทุกรายการ","PROJECT","ทั้งโครงการ","ค่าใช้จ่ายที่เกิดจากการกำหนดให้ใช้นั่งร้านพิเศษเพื่อความปลอดภัยต่อคนงานก่อสร้าง","ค่าใช้จ่ายที่เกิดจากการกำหนดให้ใช้นั่งร้านพิเศษเพื่อความปลอดภัยต่อคนงานก่อสร้าง","CLEAN","","CONTROL_WINDOW","CONTROL_STREAM_MATCH","จับคู่กับกิจกรรมควบคุม/สนับสนุนที่มีอยู่ใน Baseline ช่วงนี้เป็นเพียงช่วงควบคุม/ช่วงที่ค่าใช้จ่ายอาจเกิดขึ้น ไม่ใช่ Cash Flow หรือ Payment Schedule","CONTROL_ALLOWANCE_WINDOW","481","770","290","CONTROL_WINDOW_ELAPSED_SPAN_NOT_COST_LOADING","CONTROL_WINDOW_FROM_PINNED_BASELINE","v0.8.2","fef660d14ae8ddecda66af3980cee939ac72c84d","1405af254e0ffb590455de45170cbcf25d38790c","24","P08-A23-WAH;P01-A23-ROOF;P08-A24-WAH;P01-A24-ROOF;P08-A25-WAH;P01-A25-ROOF;P08-A26-WAH;P01-A26-ROOF;P08-B32-WAH;P01-B32-ROOF;P08-B31-WAH;P01-B31-ROOF;P08-C42A-WAH;P01-C42A-ROOF;P08-C41-WAH;P01-C41-ROOF;P08-C42B-WAH;P01-C42B-ROOF;P08-A29-WAH;P01-A29-ROOF;P08-C42C-WAH;P01-C42C-ROOF;P08-C43-WAH;P01-C43-ROOF","NONE","ไม่พบกิจกรรมรายละเอียดที่อ้างอิงซึ่งมี Total Float = 0","SUMMARY_VIEW_NO_INDEPENDENT_CPM_NETWORK"
"143","SPECIAL_COST","ค่าใช้จ่ายพิเศษตามข้อกำหนดทุกรายการ","PROJECT","ทั้งโครงการ","และค่าใช้จ่ายในการทำระบบป้องกันฝุ่นตามข้อบังคับตามกฎหมายและระเบียบที่เกี่ยวข้อง","และค่าใช้จ่ายในการทำระบบป้องกันฝุ่นตามข้อบังคับตามกฎหมายและระเบียบที่เกี่ยวข้อง","CLEAN","","CONTROL_WINDOW","CONTROL_STREAM_MATCH","จับคู่กับกิจกรรมควบคุม/สนับสนุนที่มีอยู่ใน Baseline ช่วงนี้เป็นเพียงช่วงควบคุม/ช่วงที่ค่าใช้จ่ายอาจเกิดขึ้น ไม่ใช่ Cash Flow หรือ Payment Schedule","CONTROL_ALLOWANCE_WINDOW","20","1060","1041","CONTROL_WINDOW_ELAPSED_SPAN_NOT_COST_LOADING","CONTROL_WINDOW_FROM_PINNED_BASELINE","v0.8.2","fef660d14ae8ddecda66af3980cee939ac72c84d","1405af254e0ffb590455de45170cbcf25d38790c","6","P10-ENV-002;P10-ENV-003;P10-ENV-A-MON;P10-ENV-D-MON;P10-ENV-B-MON;P10-ENV-C-MON","NONE","ไม่พบกิจกรรมรายละเอียดที่อ้างอิงซึ่งมี Total Float = 0","SUMMARY_VIEW_NO_INDEPENDENT_CPM_NETWORK"
"144","SPECIAL_COST","ค่าใช้จ่ายพิเศษตามข้อกำหนดทุกรายการ","PROJECT","ทั้งโครงการ","ค่าใช้จ่ายสำหรับอุปกรณ์เครื่องจักรกลพิเศษในการก่อสร้าง","ค่าใช้จ่ายสำหรับอุปกรณ์เครื่องจักรกลพิเศษในการก่อสร้าง","CLEAN","","CONTROL_WINDOW","CONTROL_STREAM_MATCH","จับคู่กับกิจกรรมควบคุม/สนับสนุนที่มีอยู่ใน Baseline ช่วงนี้เป็นเพียงช่วงควบคุม/ช่วงที่ค่าใช้จ่ายอาจเกิดขึ้น ไม่ใช่ Cash Flow หรือ Payment Schedule","CONTROL_ALLOWANCE_WINDOW","1","1170","1170","CONTROL_WINDOW_ELAPSED_SPAN_NOT_COST_LOADING","CONTROL_WINDOW_FROM_PINNED_BASELINE","v0.8.2","fef660d14ae8ddecda66af3980cee939ac72c84d","1405af254e0ffb590455de45170cbcf25d38790c","8","P05-PLT-001;P05-PLT-002;P05-PLT-EARTH;P05-PLT-STR;P05-PLT-D;P05-PLT-MEP;P05-PLT-LAND;P05-PLT-DEMOB","NONE","ไม่พบกิจกรรมรายละเอียดที่อ้างอิงซึ่งมี Total Float = 0","SUMMARY_VIEW_NO_INDEPENDENT_CPM_NETWORK"
"145","SPECIAL_COST","ค่าใช้จ่ายพิเศษตามข้อกำหนดทุกรายการ","PROJECT","ทั้งโครงการ","ค่าใช้จ่ายกรณีไม่อนุญาตให้คนงานพักในบริเวณที่ก่อสร้าง","ค่าใช้จ่ายกรณีไม่อนุญาตให้คนงานพักในบริเวณที่ก่อสร้าง (ค่าพาหนะไป-กลับ ที่พักและค่าเช่าที่)","CLEAN","รวมข้อความต่อเนื่องจากแถว 146","CONTROL_WINDOW","CONTROL_STREAM_MATCH","จับคู่กับกิจกรรมควบคุม/สนับสนุนที่มีอยู่ใน Baseline ช่วงนี้เป็นเพียงช่วงควบคุม/ช่วงที่ค่าใช้จ่ายอาจเกิดขึ้น ไม่ใช่ Cash Flow หรือ Payment Schedule","CONTROL_ALLOWANCE_WINDOW","1","1200","1200","CONTROL_WINDOW_ELAPSED_SPAN_NOT_COST_LOADING","CONTROL_WINDOW_FROM_PINNED_BASELINE","v0.8.2","fef660d14ae8ddecda66af3980cee939ac72c84d","1405af254e0ffb590455de45170cbcf25d38790c","9","P04-WF-001;P04-WF-002;P04-WF-003;P04-WF-REVIEW;P04-WF-A;P04-WF-D;P04-WF-BC;P04-WF-CO;P04-WF-DEMOB","NONE","ไม่พบกิจกรรมรายละเอียดที่อ้างอิงซึ่งมี Total Float = 0","SUMMARY_VIEW_NO_INDEPENDENT_CPM_NETWORK"
"147","SPECIAL_COST","ค่าใช้จ่ายพิเศษตามข้อกำหนดทุกรายการ","PROJECT","ทั้งโครงการ","ค่าใช้จ่ายอากาศยานไร้คนขับ","ค่าใช้จ่ายอากาศยานไร้คนขับ","CLEAN","","CONTROL_WINDOW","CONTROL_STREAM_MATCH","จับคู่กับกิจกรรมควบคุม/สนับสนุนที่มีอยู่ใน Baseline ช่วงนี้เป็นเพียงช่วงควบคุม/ช่วงที่ค่าใช้จ่ายอาจเกิดขึ้น ไม่ใช่ Cash Flow หรือ Payment Schedule","CONTROL_ALLOWANCE_WINDOW","1","1190","1190","CONTROL_WINDOW_ELAPSED_SPAN_NOT_COST_LOADING","CONTROL_WINDOW_FROM_PINNED_BASELINE","v0.8.2","fef660d14ae8ddecda66af3980cee939ac72c84d","1405af254e0ffb590455de45170cbcf25d38790c","9","P14-AI-001;P14-AI-002;P14-AI-003;P14-AI-004;P14-AI-005;P14-AI-006;P14-AI-007;P14-AI-008;P14-AI-009","NONE","ไม่พบกิจกรรมรายละเอียดที่อ้างอิงซึ่งมี Total Float = 0","SUMMARY_VIEW_NO_INDEPENDENT_CPM_NETWORK"
"148","SPECIAL_COST","ค่าใช้จ่ายพิเศษตามข้อกำหนดทุกรายการ","PROJECT","ทั้งโครงการ","ค่าใช้จ่ายในการรื้อถอน โยกย้าย ล้อมย้ายสิ่งปลูกสร้าง ต้นไม้ ฯลฯ","ค่าใช้จ่ายในการรื้อถอน โยกย้าย ล้อมย้ายสิ่งปลูกสร้าง ต้นไม้ ฯลฯ","CLEAN","","CONTROL_WINDOW","CONTROL_STREAM_MATCH","จับคู่กับกิจกรรมควบคุม/สนับสนุนที่มีอยู่ใน Baseline ช่วงนี้เป็นเพียงช่วงควบคุม/ช่วงที่ค่าใช้จ่ายอาจเกิดขึ้น ไม่ใช่ Cash Flow หรือ Payment Schedule","CONTROL_ALLOWANCE_WINDOW","1","1170","1170","CONTROL_WINDOW_ELAPSED_SPAN_NOT_COST_LOADING","CONTROL_WINDOW_FROM_PINNED_BASELINE","v0.8.2","fef660d14ae8ddecda66af3980cee939ac72c84d","1405af254e0ffb590455de45170cbcf25d38790c","20","P03-SITE-001;P10-ENV-003;P02-M24;P15-CAR-D;P01-A21-REST;P01-A22-REST;P01-D51-REST;P01-D52-REST;P01-A27-REST;P01-B33-REST;P01-B34-REST;P01-D53-REST;P01-A28-REST;P10-ENV-REST;P01-D55-AFT;P01-D54-REST;P03-SITE-DEMOB;P05-PLT-DEMOB;P09-TRF-REST;P01-CO-004","CONTAINS_ZERO_FLOAT_DETAIL","มีอย่างน้อยหนึ่งกิจกรรมรายละเอียดที่อ้างอิงอยู่บนเส้น Total Float = 0; ไม่ได้หมายความว่า Summary bar ทั้งช่วงเป็น Critical Path","SUMMARY_VIEW_NO_INDEPENDENT_CPM_NETWORK"
"149","SPECIAL_COST","ค่าใช้จ่ายพิเศษตามข้อกำหนดทุกรายการ","PROJECT","ทั้งโครงการ","ค่าใช้จ่ายในการก่อสร้างสำนักงานสนาม / หรือค่าเช่าสำนักงานสนามเคลื่อนที่","ค่าใช้จ่ายในการก่อสร้างสำนักงานสนาม / หรือค่าเช่าสำนักงานสนามเคลื่อนที่ พร้อมอุปกรณ์สำนักงาน ( สำหรับผู้ว่าจ้าง )","CLEAN","รวมข้อความต่อเนื่องจากแถว 150","CONTROL_WINDOW","CONTROL_STREAM_MATCH","จับคู่กับกิจกรรมควบคุม/สนับสนุนที่มีอยู่ใน Baseline ช่วงนี้เป็นเพียงช่วงควบคุม/ช่วงที่ค่าใช้จ่ายอาจเกิดขึ้น ไม่ใช่ Cash Flow หรือ Payment Schedule","CONTROL_ALLOWANCE_WINDOW","20","60","41","CONTROL_WINDOW_ELAPSED_SPAN_NOT_COST_LOADING","CONTROL_WINDOW_FROM_PINNED_BASELINE","v0.8.2","fef660d14ae8ddecda66af3980cee939ac72c84d","1405af254e0ffb590455de45170cbcf25d38790c","1","P03-SITE-002","NONE","ไม่พบกิจกรรมรายละเอียดที่อ้างอิงซึ่งมี Total Float = 0","SUMMARY_VIEW_NO_INDEPENDENT_CPM_NETWORK"
"151","SPECIAL_COST","ค่าใช้จ่ายพิเศษตามข้อกำหนดทุกรายการ","PROJECT","ทั้งโครงการ","ค่าใช้จ่ายในการจัดหางานอำนวยความสะดวกสำหรับบุคลากร","ค่าใช้จ่ายในการจัดหางานอำนวยความสะดวกสำหรับบุคลากร ของผู้ว่าจ้างตลอดระยะเวลาโครงการ","CLEAN","รวมข้อความต่อเนื่องจากแถว 152","CONTROL_WINDOW","CONTROL_STREAM_MATCH","จับคู่กับกิจกรรมควบคุม/สนับสนุนที่มีอยู่ใน Baseline ช่วงนี้เป็นเพียงช่วงควบคุม/ช่วงที่ค่าใช้จ่ายอาจเกิดขึ้น ไม่ใช่ Cash Flow หรือ Payment Schedule","CONTROL_ALLOWANCE_WINDOW","20","1180","1161","CONTROL_WINDOW_ELAPSED_SPAN_NOT_COST_LOADING","CONTROL_WINDOW_FROM_PINNED_BASELINE","v0.8.2","fef660d14ae8ddecda66af3980cee939ac72c84d","1405af254e0ffb590455de45170cbcf25d38790c","2","P03-SITE-002;P04-WF-REVIEW","NONE","ไม่พบกิจกรรมรายละเอียดที่อ้างอิงซึ่งมี Total Float = 0","SUMMARY_VIEW_NO_INDEPENDENT_CPM_NETWORK"
"153","SPECIAL_COST","ค่าใช้จ่ายพิเศษตามข้อกำหนดทุกรายการ","PROJECT","ทั้งโครงการ","ค่าใช้จ่ายในการทำความสะอาดก่อนออกจากไซต์งานก่อสร้างสู่ที่สาธารณะ","ค่าใช้จ่ายในการทำความสะอาดก่อนออกจากไซต์งานก่อสร้างสู่ที่สาธารณะ","CLEAN","","CONTROL_WINDOW","CONTROL_STREAM_MATCH","จับคู่กับกิจกรรมควบคุม/สนับสนุนที่มีอยู่ใน Baseline ช่วงนี้เป็นเพียงช่วงควบคุม/ช่วงที่ค่าใช้จ่ายอาจเกิดขึ้น ไม่ใช่ Cash Flow หรือ Payment Schedule","CONTROL_ALLOWANCE_WINDOW","1","1170","1170","CONTROL_WINDOW_ELAPSED_SPAN_NOT_COST_LOADING","CONTROL_WINDOW_FROM_PINNED_BASELINE","v0.8.2","fef660d14ae8ddecda66af3980cee939ac72c84d","1405af254e0ffb590455de45170cbcf25d38790c","24","P09-TRF-001;P09-TRF-002;P09-TRF-003;P09-TRF-A;P09-TRF-D;P09-TRF-B;P09-TRF-C;P01-B32-PRECOM;P01-A24-PRECOM;P01-B31-PRECOM;P01-A26-PRECOM;P01-A25-PRECOM;P01-C42A-PRECOM;P01-C41-PRECOM;P01-A23-PRECOM;P01-C42B-PRECOM;P01-A29-PRECOM;P01-C43-PRECOM;P01-C42C-PRECOM;P09-D55-LIFT-ROUTE;P05-PLT-DEMOB;P09-TRF-REST;P01-CO-D493;P02-M493","CONTAINS_ZERO_FLOAT_DETAIL","มีอย่างน้อยหนึ่งกิจกรรมรายละเอียดที่อ้างอิงอยู่บนเส้น Total Float = 0; ไม่ได้หมายความว่า Summary bar ทั้งช่วงเป็น Critical Path","SUMMARY_VIEW_NO_INDEPENDENT_CPM_NETWORK"
"154","SPECIAL_COST","ค่าใช้จ่ายพิเศษตามข้อกำหนดทุกรายการ","PROJECT","ทั้งโครงการ","ค่าใช้จ่ายในการทดสอบเฉพาะทาง","ค่าใช้จ่ายในการทดสอบเฉพาะทาง","CLEAN","","CONTROL_WINDOW","CONTROL_STREAM_MATCH","จับคู่กับกิจกรรมควบคุม/สนับสนุนที่มีอยู่ใน Baseline ช่วงนี้เป็นเพียงช่วงควบคุม/ช่วงที่ค่าใช้จ่ายอาจเกิดขึ้น ไม่ใช่ Cash Flow หรือ Payment Schedule","CONTROL_ALLOWANCE_WINDOW","1","1180","1180","CONTROL_WINDOW_ELAPSED_SPAN_NOT_COST_LOADING","CONTROL_WINDOW_FROM_PINNED_BASELINE","v0.8.2","fef660d14ae8ddecda66af3980cee939ac72c84d","1405af254e0ffb590455de45170cbcf25d38790c","68","P07-QA-001;P07-QA-002;P07-QA-003;P07-QA-A-PREP;P07-QA-A-MON;P07-QA-D-PREP;P07-QA-D-MON;P07-QA-B-PREP;P07-QA-C-PREP;P07-QA-B-MON;P07-QA-C-MON;P07-A24-CEIL-HOLD;P07-A23-CEIL-HOLD;P07-A25-CEIL-HOLD;P07-A26-CEIL-HOLD;P07-B32-CEIL-HOLD;P07-B31-CEIL-HOLD;P07-C42A-CEIL-HOLD;P01-B32-PRECOM;P01-A24-PRECOM;P01-B32-FUNC;P07-C41-CEIL-HOLD;P01-B32-COMM;P01-B31-PRECOM;P01-A24-FUNC;P01-A24-EX03;P01-A24-COMM;P01-A26-PRECOM;P01-B31-FUNC;P01-B31-COMM;P01-A25-PRECOM;P01-C42A-PRECOM;P07-C42B-CEIL-HOLD;P01-C42A-FUNC;P01-A26-FUNC;P01-A26-EX03;P01-C42A-COMM;P01-C41-PRECOM;P01-A26-COMM;P01-A23-PRECOM;P07-A29-CEIL-HOLD;P01-A25-FUNC;P01-A25-EX02;P01-A25-COMM;P01-C41-FUNC;P01-C41-COMM;P07-C43-CEIL-HOLD;P01-C42B-PRECOM;P07-C42C-CEIL-HOLD;P01-A23-FUNC;P01-A23-COMM;P01-C42B-FUNC;P01-A29-PRECOM;P01-C42B-COMM;P01-A29-FUNC;P01-A29-COMM;P01-C43-PRECOM;P01-C43-FUNC;P01-C43-EX01;P01-C43-COMM;P01-C42C-PRECOM;P01-C42C-FUNC;P01-C42C-COMM;P07-QA-COMM;P01-D55-PRE;P01-D55-FUNC;P01-CO-002;P01-CO-D495","CONTAINS_ZERO_FLOAT_DETAIL","มีอย่างน้อยหนึ่งกิจกรรมรายละเอียดที่อ้างอิงอยู่บนเส้น Total Float = 0; ไม่ได้หมายความว่า Summary bar ทั้งช่วงเป็น Critical Path","SUMMARY_VIEW_NO_INDEPENDENT_CPM_NETWORK"